formula_id,spec,semantics,algorithm,mode,n_samples,m_runs,avg_total_s,std_total_s,avg_per_sample_s,std_per_sample_s,avg_per_sample_us,std_per_sample_us,temporal_depth
1,(x < 0.5) and (x > -0.5),DelayedQuantitative,Incremental,online,20000,50,0.004792670778988395,0.00011765348041261276,2.3963353894941975e-07,5.882674020630638e-09,0.23963353894941974,0.005882674020630638,0.0
2,"G[0,1000] (x > 0.5 -> F[0,100] (x < 0.0))",DelayedQuantitative,Incremental,online,20000,50,0.009193293361458927,0.00016329452533818387,4.5966466807294634e-07,8.164726266909193e-09,0.4596646680729463,0.008164726266909193,1100.0
3,"(x < 0.5) U[0,1000] (x < 0.0)",DelayedQuantitative,Incremental,online,20000,50,0.0898319167009322,0.002145552442773895,4.49159583504661e-06,1.0727762213869476e-07,4.49159583504661,0.10727762213869475,1000.0
4,"(G[0,100] (x < 0.5)) or (G[100,150] (x > 0.0))",DelayedQuantitative,Incremental,online,20000,50,0.009674626780906692,0.00013565938875282832,4.837313390453346e-07,6.782969437641416e-09,0.48373133904533455,0.006782969437641416,150.0
5,"(x < 0.0) U[0,1.0] (x > 0.0)",DelayedQuantitative,Incremental,online,20000,50,0.007853764980100096,0.00012555663963317675,3.926882490050048e-07,6.277831981658838e-09,0.3926882490050048,0.006277831981658838,1.0
5,"(x < 0.0) U[0,100.0] (x > 0.0)",DelayedQuantitative,Incremental,online,20000,50,0.022473616619827226,0.00038956757322989926,1.1236808309913613e-06,1.947837866149496e-08,1.1236808309913613,0.01947837866149496,100.0
5,"(x < 0.0) U[0,200.0] (x > 0.0)",DelayedQuantitative,Incremental,online,20000,50,0.029852511638600844,0.0005141254359005091,1.4926255819300422e-06,2.5706271795025454e-08,1.4926255819300422,0.025706271795025454,200.0
5,"(x < 0.0) U[0,300.0] (x > 0.0)",DelayedQuantitative,Incremental,online,20000,50,0.03795684824173804,0.00099484811200425,1.897842412086902e-06,4.9742405600212506e-08,1.897842412086902,0.04974240560021251,300.0
5,"(x < 0.0) U[0,400.0] (x > 0.0)",DelayedQuantitative,Incremental,online,20000,50,0.0454535649807076,0.000742850031405503,2.27267824903538e-06,3.714250157027515e-08,2.2726782490353803,0.03714250157027515,400.0
5,"(x < 0.0) U[0,500.0] (x > 0.0)",DelayedQuantitative,Incremental,online,20000,50,0.05215488003945211,0.0007660756452437617,2.6077440019726055e-06,3.8303782262188084e-08,2.6077440019726055,0.038303782262188085,500.0
5,"(x < 0.0) U[0,600.0] (x > 0.0)",DelayedQuantitative,Incremental,online,20000,50,0.060173773360147606,0.0013660935614248967,3.0086886680073803e-06,6.830467807124484e-08,3.0086886680073803,0.06830467807124484,600.0
5,"(x < 0.0) U[0,700.0] (x > 0.0)",DelayedQuantitative,Incremental,online,20000,50,0.06855243426078232,0.00211209317108482,3.427621713039116e-06,1.05604658554241e-07,3.427621713039116,0.105604658554241,700.0
5,"(x < 0.0) U[0,800.0] (x > 0.0)",DelayedQuantitative,Incremental,online,20000,50,0.07383620329987024,0.0013759633792179498,3.691810164993512e-06,6.879816896089749e-08,3.691810164993512,0.0687981689608975,800.0
5,"(x < 0.0) U[0,900.0] (x > 0.0)",DelayedQuantitative,Incremental,online,20000,50,0.08193325332074891,0.0020151050630802564,4.096662666037446e-06,1.0075525315401282e-07,4.096662666037446,0.10075525315401282,900.0
5,"(x < 0.0) U[0,1000.0] (x > 0.0)",DelayedQuantitative,Incremental,online,20000,50,0.09038371746049961,0.0017786561198022421,4.5191858730249805e-06,8.893280599011211e-08,4.5191858730249805,0.08893280599011211,1000.0
5,"(x < 0.0) U[0,1100.0] (x > 0.0)",DelayedQuantitative,Incremental,online,20000,50,0.09991903504094807,0.0029864726264565477,4.995951752047404e-06,1.4932363132282737e-07,4.995951752047404,0.14932363132282736,1100.0
5,"(x < 0.0) U[0,1200.0] (x > 0.0)",DelayedQuantitative,Incremental,online,20000,50,0.11252596749953227,0.004387057871271833,5.626298374976613e-06,2.1935289356359166e-07,5.626298374976613,0.21935289356359167,1200.0
5,"(x < 0.0) U[0,1300.0] (x > 0.0)",DelayedQuantitative,Incremental,online,20000,50,0.11615573585877428,0.004324710254165795,5.807786792938714e-06,2.1623551270828975e-07,5.807786792938714,0.21623551270828975,1300.0
5,"(x < 0.0) U[0,1400.0] (x > 0.0)",DelayedQuantitative,Incremental,online,20000,50,0.1285345082799904,0.0037224713152302852,6.4267254139995205e-06,1.8612356576151427e-07,6.42672541399952,0.18612356576151426,1400.0
5,"(x < 0.0) U[0,1500.0] (x > 0.0)",DelayedQuantitative,Incremental,online,20000,50,0.13506825166055933,0.004108496406644439,6.7534125830279665e-06,2.0542482033222195e-07,6.753412583027966,0.20542482033222195,1500.0
5,"(x < 0.0) U[0,1600.0] (x > 0.0)",DelayedQuantitative,Incremental,online,20000,50,0.14053130493848584,0.0023695389259550345,7.026565246924292e-06,1.1847694629775172e-07,7.026565246924291,0.11847694629775173,1600.0
5,"(x < 0.0) U[0,1700.0] (x > 0.0)",DelayedQuantitative,Incremental,online,20000,50,0.14877747839927907,0.004479487715732132,7.438873919963954e-06,2.239743857866066e-07,7.438873919963954,0.2239743857866066,1700.0
5,"(x < 0.0) U[0,1800.0] (x > 0.0)",DelayedQuantitative,Incremental,online,20000,50,0.15711107337847352,0.003992364718084855,7.855553668923677e-06,1.9961823590424273e-07,7.855553668923677,0.19961823590424274,1800.0
5,"(x < 0.0) U[0,1900.0] (x > 0.0)",DelayedQuantitative,Incremental,online,20000,50,0.16142717831855408,0.004247672790330072,8.071358915927704e-06,2.123836395165036e-07,8.071358915927703,0.2123836395165036,1900.0
5,"(x < 0.0) U[0,2000.0] (x > 0.0)",DelayedQuantitative,Incremental,online,20000,50,0.16889550592168234,0.003193598618115151,8.444775296084116e-06,1.5967993090575755e-07,8.444775296084117,0.15967993090575755,2000.0
5,"(x < 0.0) U[0,2100.0] (x > 0.0)",DelayedQuantitative,Incremental,online,20000,50,0.17524199086037698,0.004760531861682757,8.762099543018849e-06,2.3802659308413787e-07,8.762099543018849,0.23802659308413787,2100.0
5,"(x < 0.0) U[0,2200.0] (x > 0.0)",DelayedQuantitative,Incremental,online,20000,50,0.18456064000143668,0.0059083735726669214,9.228032000071835e-06,2.9541867863334607e-07,9.228032000071835,0.2954186786333461,2200.0
5,"(x < 0.0) U[0,2300.0] (x > 0.0)",DelayedQuantitative,Incremental,online,20000,50,0.19065034497965827,0.005931312232403594,9.532517248982913e-06,2.965656116201797e-07,9.532517248982913,0.2965656116201797,2300.0
5,"(x < 0.0) U[0,2400.0] (x > 0.0)",DelayedQuantitative,Incremental,online,20000,50,0.19745759750076103,0.005906513740630015,9.872879875038051e-06,2.9532568703150074e-07,9.872879875038052,0.29532568703150075,2400.0
5,"(x < 0.0) U[0,2500.0] (x > 0.0)",DelayedQuantitative,Incremental,online,20000,50,0.20287375413987319,0.004823453404728971,1.014368770699366e-05,2.4117267023644854e-07,10.14368770699366,0.24117267023644853,2500.0
5,"(x < 0.0) U[0,2600.0] (x > 0.0)",DelayedQuantitative,Incremental,online,20000,50,0.2094132733202423,0.005323227726062661,1.0470663666012115e-05,2.661613863031331e-07,10.470663666012115,0.2661613863031331,2600.0
5,"(x < 0.0) U[0,2700.0] (x > 0.0)",DelayedQuantitative,Incremental,online,20000,50,0.21611689580226084,0.005277740672701054,1.0805844790113042e-05,2.638870336350527e-07,10.805844790113042,0.26388703363505267,2700.0
5,"(x < 0.0) U[0,2800.0] (x > 0.0)",DelayedQuantitative,Incremental,online,20000,50,0.2213700524606975,0.004085453969784597,1.1068502623034874e-05,2.0427269848922988e-07,11.068502623034874,0.20427269848922988,2800.0
5,"(x < 0.0) U[0,2900.0] (x > 0.0)",DelayedQuantitative,Incremental,online,20000,50,0.22818784410046647,0.0047667034728920595,1.1409392205023323e-05,2.3833517364460297e-07,11.409392205023323,0.23833517364460297,2900.0
5,"(x < 0.0) U[0,3000.0] (x > 0.0)",DelayedQuantitative,Incremental,online,20000,50,0.23375813419988845,0.004965946386397494,1.1687906709994423e-05,2.4829731931987467e-07,11.687906709994422,0.24829731931987467,3000.0
5,"(x < 0.0) U[0,3100.0] (x > 0.0)",DelayedQuantitative,Incremental,online,20000,50,0.24036045325978195,0.0043199160739157295,1.2018022662989098e-05,2.1599580369578648e-07,12.018022662989097,0.21599580369578647,3100.0
5,"(x < 0.0) U[0,3200.0] (x > 0.0)",DelayedQuantitative,Incremental,online,20000,50,0.24609823502076325,0.00518089422626498,1.2304911751038163e-05,2.59044711313249e-07,12.304911751038162,0.259044711313249,3200.0
5,"(x < 0.0) U[0,3300.0] (x > 0.0)",DelayedQuantitative,Incremental,online,20000,50,0.252864907439216,0.0053193108197039105,1.2643245371960801e-05,2.659655409851955e-07,12.643245371960802,0.26596554098519554,3300.0
5,"(x < 0.0) U[0,3400.0] (x > 0.0)",DelayedQuantitative,Incremental,online,20000,50,0.25784467751946066,0.004994443563057866,1.2892233875973033e-05,2.497221781528933e-07,12.892233875973032,0.24972217815289333,3400.0
5,"(x < 0.0) U[0,3500.0] (x > 0.0)",DelayedQuantitative,Incremental,online,20000,50,0.264579429217556,0.00638365222594519,1.32289714608778e-05,3.1918261129725946e-07,13.2289714608778,0.31918261129725944,3500.0
5,"(x < 0.0) U[0,3600.0] (x > 0.0)",DelayedQuantitative,Incremental,online,20000,50,0.2703378268002416,0.005088081411386309,1.351689134001208e-05,2.5440407056931546e-07,13.51689134001208,0.25440407056931547,3600.0
5,"(x < 0.0) U[0,3700.0] (x > 0.0)",DelayedQuantitative,Incremental,online,20000,50,0.2756790799993905,0.004502602166165685,1.3783953999969525e-05,2.2513010830828426e-07,13.783953999969524,0.22513010830828425,3700.0
5,"(x < 0.0) U[0,3800.0] (x > 0.0)",DelayedQuantitative,Incremental,online,20000,50,0.2820228124796995,0.00503095931183144,1.4101140623984975e-05,2.5154796559157197e-07,14.101140623984975,0.25154796559157194,3800.0
5,"(x < 0.0) U[0,3900.0] (x > 0.0)",DelayedQuantitative,Incremental,online,20000,50,0.2873028832391719,0.005775948734829713,1.4365144161958596e-05,2.8879743674148566e-07,14.365144161958597,0.28879743674148567,3900.0
5,"(x < 0.0) U[0,4000.0] (x > 0.0)",DelayedQuantitative,Incremental,online,20000,50,0.2932986933196662,0.004228696004494302,1.466493466598331e-05,2.1143480022471512e-07,14.66493466598331,0.2114348002247151,4000.0
5,"(x < 0.0) U[0,4100.0] (x > 0.0)",DelayedQuantitative,Incremental,online,20000,50,0.37379864257964074,0.03972269849741284,1.8689932128982037e-05,1.986134924870642e-06,18.689932128982036,1.986134924870642,4100.0
5,"(x < 0.0) U[0,4200.0] (x > 0.0)",DelayedQuantitative,Incremental,online,20000,50,0.3988780667199171,0.041786273405681355,1.9943903335995855e-05,2.0893136702840676e-06,19.943903335995856,2.0893136702840676,4200.0
5,"(x < 0.0) U[0,4300.0] (x > 0.0)",DelayedQuantitative,Incremental,online,20000,50,0.42729366172017763,0.03582976768779785,2.136468308600888e-05,1.7914883843898926e-06,21.36468308600888,1.7914883843898926,4300.0
5,"(x < 0.0) U[0,4400.0] (x > 0.0)",DelayedQuantitative,Incremental,online,20000,50,0.44092283163918183,0.03629865191949826,2.204614158195909e-05,1.8149325959749128e-06,22.04614158195909,1.8149325959749127,4400.0
5,"(x < 0.0) U[0,4500.0] (x > 0.0)",DelayedQuantitative,Incremental,online,20000,50,0.4380725301202619,0.03855163499854205,2.1903626506013098e-05,1.9275817499271023e-06,21.903626506013097,1.9275817499271022,4500.0
5,"(x < 0.0) U[0,4600.0] (x > 0.0)",DelayedQuantitative,Incremental,online,20000,50,0.4445639499599929,0.037083301741908804,2.2228197497999645e-05,1.8541650870954401e-06,22.228197497999645,1.85416508709544,4600.0
5,"(x < 0.0) U[0,4700.0] (x > 0.0)",DelayedQuantitative,Incremental,online,20000,50,0.4492596975000924,0.03693497911544718,2.2462984875004622e-05,1.846748955772359e-06,22.462984875004622,1.846748955772359,4700.0
5,"(x < 0.0) U[0,4800.0] (x > 0.0)",DelayedQuantitative,Incremental,online,20000,50,0.4605067166581284,0.03730729524196856,2.302533583290642e-05,1.865364762098428e-06,23.02533583290642,1.865364762098428,4800.0
5,"(x < 0.0) U[0,4900.0] (x > 0.0)",DelayedQuantitative,Incremental,online,20000,50,0.46510976413905153,0.036383768935768356,2.3255488206952577e-05,1.8191884467884177e-06,23.255488206952577,1.8191884467884178,4900.0
5,"(x < 0.0) U[0,5000.0] (x > 0.0)",DelayedQuantitative,Incremental,online,20000,50,0.47739712576032617,0.03769078846967686,2.3869856288016308e-05,1.884539423483843e-06,23.869856288016308,1.884539423483843,5000.0
6,"G[0,1.0] (x > 0.0)",DelayedQuantitative,Incremental,online,20000,50,0.00486155667953426,0.00011902739842479321,2.43077833976713e-07,5.951369921239661e-09,0.243077833976713,0.005951369921239661,1.0
6,"G[0,100.0] (x > 0.0)",DelayedQuantitative,Incremental,online,20000,50,0.00526331841800129,0.00010883565382099731,2.6316592090006453e-07,5.4417826910498655e-09,0.2631659209000645,0.005441782691049866,100.0
6,"G[0,200.0] (x > 0.0)",DelayedQuantitative,Incremental,online,20000,50,0.005300817541137803,0.00010182066759995242,2.650408770568902e-07,5.091033379997621e-09,0.26504087705689017,0.005091033379997621,200.0
6,"G[0,300.0] (x > 0.0)",DelayedQuantitative,Incremental,online,20000,50,0.005234268319327384,0.0001338298776683038,2.6171341596636923e-07,6.6914938834151905e-09,0.2617134159663692,0.006691493883415191,300.0
6,"G[0,400.0] (x > 0.0)",DelayedQuantitative,Incremental,online,20000,50,0.005222329140233342,9.621984791575673e-05,2.611164570116671e-07,4.810992395787836e-09,0.2611164570116671,0.004810992395787836,400.0
6,"G[0,500.0] (x > 0.0)",DelayedQuantitative,Incremental,online,20000,50,0.005362587539711967,0.0001564204878719389,2.6812937698559834e-07,7.821024393596944e-09,0.26812937698559836,0.007821024393596944,500.0
6,"G[0,600.0] (x > 0.0)",DelayedQuantitative,Incremental,online,20000,50,0.005414440000313334,0.0001152361149136069,2.707220000156667e-07,5.761805745680345e-09,0.2707220000156667,0.005761805745680346,600.0
6,"G[0,700.0] (x > 0.0)",DelayedQuantitative,Incremental,online,20000,50,0.005562953360495158,0.00011061413944673977,2.7814766802475787e-07,5.5307069723369885e-09,0.2781476680247579,0.0055307069723369885,700.0
6,"G[0,800.0] (x > 0.0)",DelayedQuantitative,Incremental,online,20000,50,0.005450066640332807,9.300755150753132e-05,2.7250333201664033e-07,4.650377575376566e-09,0.27250333201664034,0.004650377575376566,800.0
6,"G[0,900.0] (x > 0.0)",DelayedQuantitative,Incremental,online,20000,50,0.005328339920088183,8.981434388521888e-05,2.6641699600440916e-07,4.4907171942609435e-09,0.26641699600440916,0.004490717194260943,900.0
6,"G[0,1000.0] (x > 0.0)",DelayedQuantitative,Incremental,online,20000,50,0.005308119959954638,9.274220342589596e-05,2.6540599799773194e-07,4.637110171294798e-09,0.26540599799773196,0.004637110171294798,1000.0
6,"G[0,1100.0] (x > 0.0)",DelayedQuantitative,Incremental,online,20000,50,0.00536797506007133,9.934094593883255e-05,2.683987530035665e-07,4.967047296941627e-09,0.2683987530035665,0.004967047296941627,1100.0
6,"G[0,1200.0] (x > 0.0)",DelayedQuantitative,Incremental,online,20000,50,0.005380940860195551,0.00012319081370469335,2.690470430097775e-07,6.1595406852346675e-09,0.2690470430097775,0.006159540685234667,1200.0
6,"G[0,1300.0] (x > 0.0)",DelayedQuantitative,Incremental,online,20000,50,0.005441347420855891,0.00011233280712409887,2.7206737104279456e-07,5.6166403562049434e-09,0.27206737104279455,0.005616640356204943,1300.0
6,"G[0,1400.0] (x > 0.0)",DelayedQuantitative,Incremental,online,20000,50,0.005413174999703187,0.00011432868499042851,2.706587499851594e-07,5.7164342495214255e-09,0.2706587499851594,0.0057164342495214255,1400.0
6,"G[0,1500.0] (x > 0.0)",DelayedQuantitative,Incremental,online,20000,50,0.005450984180497471,9.853859843947026e-05,2.725492090248735e-07,4.926929921973513e-09,0.2725492090248735,0.004926929921973513,1500.0
6,"G[0,1600.0] (x > 0.0)",DelayedQuantitative,Incremental,online,20000,50,0.0054131808204692785,0.00011756603918930747,2.706590410234639e-07,5.878301959465373e-09,0.2706590410234639,0.005878301959465373,1600.0
6,"G[0,1700.0] (x > 0.0)",DelayedQuantitative,Incremental,online,20000,50,0.005459440041158814,9.013328265668751e-05,2.729720020579407e-07,4.506664132834375e-09,0.2729720020579407,0.004506664132834375,1700.0
6,"G[0,1800.0] (x > 0.0)",DelayedQuantitative,Incremental,online,20000,50,0.0052944874798413364,9.66025966520656e-05,2.6472437399206684e-07,4.83012983260328e-09,0.26472437399206683,0.0048301298326032804,1800.0
6,"G[0,1900.0] (x > 0.0)",DelayedQuantitative,Incremental,online,20000,50,0.005382437478983775,0.00010181517951900329,2.6912187394918876e-07,5.0907589759501646e-09,0.26912187394918874,0.005090758975950164,1900.0
6,"G[0,2000.0] (x > 0.0)",DelayedQuantitative,Incremental,online,20000,50,0.005244852599571459,8.928705409641114e-05,2.6224262997857293e-07,4.4643527048205566e-09,0.26224262997857295,0.0044643527048205565,2000.0
6,"G[0,2100.0] (x > 0.0)",DelayedQuantitative,Incremental,online,20000,50,0.005323889139690436,9.42422127616732e-05,2.661944569845218e-07,4.71211063808366e-09,0.2661944569845218,0.00471211063808366,2100.0
6,"G[0,2200.0] (x > 0.0)",DelayedQuantitative,Incremental,online,20000,50,0.005230935860599857,0.00010539038817102407,2.615467930299928e-07,5.269519408551204e-09,0.26154679302999284,0.005269519408551204,2200.0
6,"G[0,2300.0] (x > 0.0)",DelayedQuantitative,Incremental,online,20000,50,0.005310261640697717,0.00010498479484198757,2.6551308203488586e-07,5.249239742099379e-09,0.26551308203488583,0.005249239742099379,2300.0
6,"G[0,2400.0] (x > 0.0)",DelayedQuantitative,Incremental,online,20000,50,0.005220541640301235,9.823224182806238e-05,2.610270820150618e-07,4.911612091403119e-09,0.2610270820150618,0.0049116120914031195,2400.0
6,"G[0,2500.0] (x > 0.0)",DelayedQuantitative,Incremental,online,20000,50,0.005004964138788637,0.00011642412285626025,2.502482069394318e-07,5.821206142813012e-09,0.25024820693943184,0.005821206142813012,2500.0
6,"G[0,2600.0] (x > 0.0)",DelayedQuantitative,Incremental,online,20000,50,0.00501291255990509,8.542369858034946e-05,2.506456279952545e-07,4.271184929017473e-09,0.2506456279952545,0.004271184929017473,2600.0
6,"G[0,2700.0] (x > 0.0)",DelayedQuantitative,Incremental,online,20000,50,0.005008938279352151,0.00012893729739163332,2.5044691396760755e-07,6.446864869581666e-09,0.25044691396760754,0.006446864869581666,2700.0
6,"G[0,2800.0] (x > 0.0)",DelayedQuantitative,Incremental,online,20000,50,0.005032250720250886,0.00010305673468709053,2.516125360125443e-07,5.152836734354526e-09,0.2516125360125443,0.005152836734354526,2800.0
6,"G[0,2900.0] (x > 0.0)",DelayedQuantitative,Incremental,online,20000,50,0.0050795950397150595,9.731833076938037e-05,2.5397975198575296e-07,4.865916538469018e-09,0.25397975198575296,0.004865916538469018,2900.0
6,"G[0,3000.0] (x > 0.0)",DelayedQuantitative,Incremental,online,20000,50,0.004942702539847232,0.00012364924916748548,2.471351269923616e-07,6.182462458374274e-09,0.2471351269923616,0.006182462458374274,3000.0
6,"G[0,3100.0] (x > 0.0)",DelayedQuantitative,Incremental,online,20000,50,0.005111328359926119,0.00010892880251317944,2.5556641799630596e-07,5.446440125658972e-09,0.255566417996306,0.005446440125658972,3100.0
6,"G[0,3200.0] (x > 0.0)",DelayedQuantitative,Incremental,online,20000,50,0.004932133339752909,0.0001289735973993597,2.4660666698764543e-07,6.4486798699679845e-09,0.24660666698764544,0.0064486798699679845,3200.0
6,"G[0,3300.0] (x > 0.0)",DelayedQuantitative,Incremental,online,20000,50,0.005131736741168425,9.778950188151e-05,2.5658683705842125e-07,4.8894750940755e-09,0.2565868370584212,0.0048894750940755,3300.0
6,"G[0,3400.0] (x > 0.0)",DelayedQuantitative,Incremental,online,20000,50,0.00503657841909444,0.00010935540202213556,2.5182892095472196e-07,5.4677701011067785e-09,0.251828920954722,0.005467770101106779,3400.0
6,"G[0,3500.0] (x > 0.0)",DelayedQuantitative,Incremental,online,20000,50,0.005115811559662688,0.00013620002867988586,2.5579057798313443e-07,6.810001433994293e-09,0.2557905779831344,0.006810001433994293,3500.0
6,"G[0,3600.0] (x > 0.0)",DelayedQuantitative,Incremental,online,20000,50,0.005006730780005455,8.166805994426586e-05,2.5033653900027274e-07,4.083402997213293e-09,0.25033653900027275,0.004083402997213294,3600.0
6,"G[0,3700.0] (x > 0.0)",DelayedQuantitative,Incremental,online,20000,50,0.005039137480780482,0.00012847025387792508,2.519568740390241e-07,6.423512693896254e-09,0.2519568740390241,0.006423512693896254,3700.0
6,"G[0,3800.0] (x > 0.0)",DelayedQuantitative,Incremental,online,20000,50,0.005058228279813193,0.00011672345285599713,2.5291141399065966e-07,5.8361726427998565e-09,0.25291141399065964,0.0058361726427998565,3800.0
6,"G[0,3900.0] (x > 0.0)",DelayedQuantitative,Incremental,online,20000,50,0.0050560925190802665,0.00012574154439403998,2.5280462595401335e-07,6.287077219701999e-09,0.2528046259540134,0.006287077219701999,3900.0
6,"G[0,4000.0] (x > 0.0)",DelayedQuantitative,Incremental,online,20000,50,0.005089867600472644,0.0001210259842223999,2.544933800236322e-07,6.051299211119995e-09,0.2544933800236322,0.006051299211119995,4000.0
6,"G[0,4100.0] (x > 0.0)",DelayedQuantitative,Incremental,online,20000,50,0.005052776580268983,0.00013890929917149234,2.5263882901344914e-07,6.945464958574617e-09,0.25263882901344914,0.0069454649585746165,4100.0
6,"G[0,4200.0] (x > 0.0)",DelayedQuantitative,Incremental,online,20000,50,0.005041729160002433,0.00012176694697216396,2.5208645800012165e-07,6.088347348608198e-09,0.25208645800012164,0.006088347348608198,4200.0
6,"G[0,4300.0] (x > 0.0)",DelayedQuantitative,Incremental,online,20000,50,0.005063339280022774,9.278062292116725e-05,2.531669640011387e-07,4.639031146058362e-09,0.2531669640011387,0.0046390311460583625,4300.0
6,"G[0,4400.0] (x > 0.0)",DelayedQuantitative,Incremental,online,20000,50,0.004927482539787888,0.00011638706863198743,2.463741269893944e-07,5.8193534315993714e-09,0.2463741269893944,0.005819353431599371,4400.0
6,"G[0,4500.0] (x > 0.0)",DelayedQuantitative,Incremental,online,20000,50,0.004989934159093537,8.573604826617008e-05,2.4949670795467683e-07,4.286802413308504e-09,0.24949670795467682,0.004286802413308505,4500.0
6,"G[0,4600.0] (x > 0.0)",DelayedQuantitative,Incremental,online,20000,50,0.005202421720023267,0.00010395133806013396,2.6012108600116334e-07,5.197566903006698e-09,0.26012108600116335,0.005197566903006698,4600.0
6,"G[0,4700.0] (x > 0.0)",DelayedQuantitative,Incremental,online,20000,50,0.005242296619981062,9.359263548678428e-05,2.621148309990531e-07,4.679631774339214e-09,0.2621148309990531,0.004679631774339214,4700.0
6,"G[0,4800.0] (x > 0.0)",DelayedQuantitative,Incremental,online,20000,50,0.005211203241196926,0.00010300166840435435,2.605601620598463e-07,5.150083420217718e-09,0.26056016205984633,0.005150083420217718,4800.0
6,"G[0,4900.0] (x > 0.0)",DelayedQuantitative,Incremental,online,20000,50,0.005224345900351182,9.20735986889709e-05,2.612172950175591e-07,4.603679934448545e-09,0.2612172950175591,0.004603679934448546,4900.0
6,"G[0,5000.0] (x > 0.0)",DelayedQuantitative,Incremental,online,20000,50,0.005190331599733327,0.00010433268045103612,2.5951657998666634e-07,5.216634022551806e-09,0.25951657998666633,0.005216634022551806,5000.0
7,"F[0,1.0] (x > 0.0)",DelayedQuantitative,Incremental,online,20000,50,0.005203774979745504,0.00013137806920483503,2.601887489872752e-07,6.5689034602417514e-09,0.2601887489872752,0.006568903460241751,1.0
7,"F[0,100.0] (x > 0.0)",DelayedQuantitative,Incremental,online,20000,50,0.005543314081151039,0.00012147817855134257,2.7716570405755194e-07,6.073908927567128e-09,0.2771657040575519,0.006073908927567128,100.0
7,"F[0,200.0] (x > 0.0)",DelayedQuantitative,Incremental,online,20000,50,0.005575404098490253,9.893098616233166e-05,2.7877020492451264e-07,4.946549308116583e-09,0.27877020492451265,0.004946549308116583,200.0
7,"F[0,300.0] (x > 0.0)",DelayedQuantitative,Incremental,online,20000,50,0.0054611924590426495,0.00012051901320053874,2.7305962295213247e-07,6.0259506600269375e-09,0.2730596229521325,0.006025950660026937,300.0
7,"F[0,400.0] (x > 0.0)",DelayedQuantitative,Incremental,online,20000,50,0.005519730800006073,0.00010703416907574663,2.759865400003037e-07,5.351708453787331e-09,0.2759865400003037,0.005351708453787331,400.0
7,"F[0,500.0] (x > 0.0)",DelayedQuantitative,Incremental,online,20000,50,0.005454001678735949,0.00011462330941407344,2.7270008393679746e-07,5.731165470703672e-09,0.27270008393679745,0.005731165470703672,500.0
7,"F[0,600.0] (x > 0.0)",DelayedQuantitative,Incremental,online,20000,50,0.0054929349597659894,0.00010132675244765678,2.7464674798829945e-07,5.066337622382839e-09,0.27464674798829947,0.005066337622382839,600.0
7,"F[0,700.0] (x > 0.0)",DelayedQuantitative,Incremental,online,20000,50,0.005476864960219246,0.00010164818191130386,2.738432480109623e-07,5.082409095565193e-09,0.2738432480109623,0.005082409095565193,700.0
7,"F[0,800.0] (x > 0.0)",DelayedQuantitative,Incremental,online,20000,50,0.005531577480433043,9.177697150317554e-05,2.7657887402165217e-07,4.588848575158777e-09,0.27657887402165215,0.004588848575158777,800.0
7,"F[0,900.0] (x > 0.0)",DelayedQuantitative,Incremental,online,20000,50,0.005273314999358263,0.00011627888931857547,2.6366574996791314e-07,5.8139444659287735e-09,0.26366574996791314,0.005813944465928774,900.0
7,"F[0,1000.0] (x > 0.0)",DelayedQuantitative,Incremental,online,20000,50,0.005338004979712423,9.347182453628251e-05,2.6690024898562113e-07,4.6735912268141255e-09,0.26690024898562115,0.004673591226814125,1000.0
7,"F[0,1100.0] (x > 0.0)",DelayedQuantitative,Incremental,online,20000,50,0.005294804940640461,9.338436938249298e-05,2.6474024703202306e-07,4.669218469124649e-09,0.26474024703202303,0.004669218469124649,1100.0
7,"F[0,1200.0] (x > 0.0)",DelayedQuantitative,Incremental,online,20000,50,0.005424067459534854,0.00010203741099269697,2.712033729767427e-07,5.101870549634849e-09,0.2712033729767427,0.005101870549634849,1200.0
7,"F[0,1300.0] (x > 0.0)",DelayedQuantitative,Incremental,online,20000,50,0.005399845800420735,0.00011271188791735951,2.6999229002103674e-07,5.635594395867975e-09,0.26999229002103675,0.005635594395867975,1300.0
7,"F[0,1400.0] (x > 0.0)",DelayedQuantitative,Incremental,online,20000,50,0.005393152461037971,0.00012824353862556803,2.6965762305189856e-07,6.412176931278401e-09,0.26965762305189855,0.006412176931278401,1400.0
7,"F[0,1500.0] (x > 0.0)",DelayedQuantitative,Incremental,online,20000,50,0.0051643808602239005,9.922479046406554e-05,2.5821904301119504e-07,4.961239523203277e-09,0.258219043011195,0.004961239523203278,1500.0
7,"F[0,1600.0] (x > 0.0)",DelayedQuantitative,Incremental,online,20000,50,0.0051432241394650195,0.00013044981619149374,2.5716120697325096e-07,6.522490809574687e-09,0.25716120697325096,0.006522490809574687,1600.0
7,"F[0,1700.0] (x > 0.0)",DelayedQuantitative,Incremental,online,20000,50,0.005183853320777416,9.268763898350244e-05,2.5919266603887083e-07,4.634381949175122e-09,0.2591926660388708,0.004634381949175122,1700.0
7,"F[0,1800.0] (x > 0.0)",DelayedQuantitative,Incremental,online,20000,50,0.005180048438778613,0.00010129917629370516,2.5900242193893065e-07,5.064958814685258e-09,0.25900242193893064,0.005064958814685258,1800.0
7,"F[0,1900.0] (x > 0.0)",DelayedQuantitative,Incremental,online,20000,50,0.005003800017584581,0.00012102124851982862,2.5019000087922903e-07,6.051062425991431e-09,0.25019000087922905,0.006051062425991431,1900.0
7,"F[0,2000.0] (x > 0.0)",DelayedQuantitative,Incremental,online,20000,50,0.005007544178515673,7.855484363157269e-05,2.5037720892578364e-07,3.927742181578634e-09,0.25037720892578363,0.003927742181578635,2000.0
7,"F[0,2100.0] (x > 0.0)",DelayedQuantitative,Incremental,online,20000,50,0.004953035859798547,0.00013875657653401443,2.4765179298992737e-07,6.937828826700722e-09,0.24765179298992737,0.006937828826700722,2100.0
7,"F[0,2200.0] (x > 0.0)",DelayedQuantitative,Incremental,online,20000,50,0.005030840118706692,0.0001005326550124745,2.515420059353346e-07,5.0266327506237245e-09,0.2515420059353346,0.005026632750623724,2200.0
7,"F[0,2300.0] (x > 0.0)",DelayedQuantitative,Incremental,online,20000,50,0.005011923300626222,0.00012403830810928237,2.5059616503131115e-07,6.201915405464119e-09,0.25059616503131116,0.0062019154054641186,2300.0
7,"F[0,2400.0] (x > 0.0)",DelayedQuantitative,Incremental,online,20000,50,0.004944022480340209,0.0001107888170097967,2.472011240170104e-07,5.539440850489835e-09,0.24720112401701042,0.0055394408504898345,2400.0
7,"F[0,2500.0] (x > 0.0)",DelayedQuantitative,Incremental,online,20000,50,0.005017653360846452,9.775865759783856e-05,2.508826680423226e-07,4.887932879891928e-09,0.2508826680423226,0.004887932879891928,2500.0
7,"F[0,2600.0] (x > 0.0)",DelayedQuantitative,Incremental,online,20000,50,0.005004170838510617,0.0001497493274388132,2.5020854192553084e-07,7.48746637194066e-09,0.2502085419255308,0.00748746637194066,2600.0
7,"F[0,2700.0] (x > 0.0)",DelayedQuantitative,Incremental,online,20000,50,0.004951170840067789,8.013824382652966e-05,2.4755854200338944e-07,4.006912191326483e-09,0.24755854200338945,0.004006912191326483,2700.0
7,"F[0,2800.0] (x > 0.0)",DelayedQuantitative,Incremental,online,20000,50,0.0049909416807349775,0.0001302778851308455,2.4954708403674886e-07,6.5138942565422755e-09,0.24954708403674886,0.006513894256542275,2800.0
7,"F[0,2900.0] (x > 0.0)",DelayedQuantitative,Incremental,online,20000,50,0.0050416474608937275,0.00010000659080043665,2.520823730446864e-07,5.000329540021833e-09,0.2520823730446864,0.005000329540021833,2900.0
7,"F[0,3000.0] (x > 0.0)",DelayedQuantitative,Incremental,online,20000,50,0.005039944959571585,0.00013281913870194452,2.5199724797857923e-07,6.640956935097226e-09,0.25199724797857925,0.006640956935097226,3000.0
7,"F[0,3100.0] (x > 0.0)",DelayedQuantitative,Incremental,online,20000,50,0.005084465840482153,9.970461117765725e-05,2.5422329202410766e-07,4.985230558882862e-09,0.25422329202410765,0.004985230558882862,3100.0
7,"F[0,3200.0] (x > 0.0)",DelayedQuantitative,Incremental,online,20000,50,0.005069052460894455,9.478874053323238e-05,2.534526230447227e-07,4.739437026661619e-09,0.2534526230447227,0.004739437026661619,3200.0
7,"F[0,3300.0] (x > 0.0)",DelayedQuantitative,Incremental,online,20000,50,0.004891400080523454,0.00011188571524575789,2.445700040261727e-07,5.594285762287894e-09,0.2445700040261727,0.005594285762287894,3300.0
7,"F[0,3400.0] (x > 0.0)",DelayedQuantitative,Incremental,online,20000,50,0.005091246579249855,0.00011490314927906611,2.5456232896249275e-07,5.745157463953305e-09,0.25456232896249276,0.005745157463953305,3400.0
7,"F[0,3500.0] (x > 0.0)",DelayedQuantitative,Incremental,online,20000,50,0.0051330051015247595,9.95765001004238e-05,2.56650255076238e-07,4.97882500502119e-09,0.25665025507623795,0.00497882500502119,3500.0
7,"F[0,3600.0] (x > 0.0)",DelayedQuantitative,Incremental,online,20000,50,0.005381092480092775,9.188571590813782e-05,2.6905462400463876e-07,4.594285795406891e-09,0.26905462400463875,0.0045942857954068906,3600.0
7,"F[0,3700.0] (x > 0.0)",DelayedQuantitative,Incremental,online,20000,50,0.005295687520992942,0.00010683436749106566,2.647843760496471e-07,5.341718374553283e-09,0.2647843760496471,0.005341718374553283,3700.0
7,"F[0,3800.0] (x > 0.0)",DelayedQuantitative,Incremental,online,20000,50,0.0053685691612190565,0.00010947819207287007,2.684284580609528e-07,5.473909603643503e-09,0.2684284580609528,0.005473909603643503,3800.0
7,"F[0,3900.0] (x > 0.0)",DelayedQuantitative,Incremental,online,20000,50,0.005341014139994513,0.00011765441371097132,2.6705070699972564e-07,5.882720685548566e-09,0.26705070699972566,0.005882720685548566,3900.0
7,"F[0,4000.0] (x > 0.0)",DelayedQuantitative,Incremental,online,20000,50,0.005363186680187937,9.460045205473033e-05,2.6815933400939683e-07,4.730022602736517e-09,0.26815933400939684,0.0047300226027365165,4000.0
7,"F[0,4100.0] (x > 0.0)",DelayedQuantitative,Incremental,online,20000,50,0.005291955840657465,0.00011431040051902624,2.6459779203287325e-07,5.715520025951312e-09,0.26459779203287326,0.005715520025951311,4100.0
7,"F[0,4200.0] (x > 0.0)",DelayedQuantitative,Incremental,online,20000,50,0.005329427539545577,9.492913651767226e-05,2.6647137697727887e-07,4.746456825883613e-09,0.26647137697727885,0.004746456825883613,4200.0
7,"F[0,4300.0] (x > 0.0)",DelayedQuantitative,Incremental,online,20000,50,0.005268588380131405,0.0001009901815770964,2.6342941900657026e-07,5.04950907885482e-09,0.26342941900657024,0.00504950907885482,4300.0
7,"F[0,4400.0] (x > 0.0)",DelayedQuantitative,Incremental,online,20000,50,0.005302106640301645,0.00010006631446046773,2.6510533201508225e-07,5.003315723023386e-09,0.26510533201508224,0.005003315723023386,4400.0
7,"F[0,4500.0] (x > 0.0)",DelayedQuantitative,Incremental,online,20000,50,0.005223513380042277,0.00010598189898232036,2.6117566900211385e-07,5.299094949116018e-09,0.26117566900211386,0.005299094949116018,4500.0
7,"F[0,4600.0] (x > 0.0)",DelayedQuantitative,Incremental,online,20000,50,0.005254083278996405,9.714769940043156e-05,2.6270416394982024e-07,4.857384970021578e-09,0.2627041639498202,0.004857384970021578,4600.0
7,"F[0,4700.0] (x > 0.0)",DelayedQuantitative,Incremental,online,20000,50,0.005210274161072448,0.0001080743037398977,2.6051370805362237e-07,5.403715186994885e-09,0.2605137080536224,0.005403715186994886,4700.0
7,"F[0,4800.0] (x > 0.0)",DelayedQuantitative,Incremental,online,20000,50,0.005242527561204042,9.919133306940419e-05,2.621263780602021e-07,4.95956665347021e-09,0.2621263780602021,0.00495956665347021,4800.0
7,"F[0,4900.0] (x > 0.0)",DelayedQuantitative,Incremental,online,20000,50,0.005196873340173625,0.00011577883882812277,2.5984366700868123e-07,5.788941941406138e-09,0.2598436670086812,0.005788941941406138,4900.0
7,"F[0,5000.0] (x > 0.0)",DelayedQuantitative,Incremental,online,20000,50,0.0052340266612009145,0.0001224315343233089,2.6170133306004573e-07,6.121576716165445e-09,0.2617013330600457,0.006121576716165445,5000.0
1,(x < 0.5) and (x > -0.5),DelayedQualitative,Incremental,online,20000,50,0.0051037076002103275,8.27573096913965e-05,2.5518538001051636e-07,4.1378654845698255e-09,0.2551853800105164,0.004137865484569825,0.0
2,"G[0,1000] (x > 0.5 -> F[0,100] (x < 0.0))",DelayedQualitative,Incremental,online,20000,50,0.009547712440544275,8.960794663512067e-05,4.773856220272137e-07,4.480397331756033e-09,0.4773856220272137,0.004480397331756033,1100.0
3,"(x < 0.5) U[0,1000] (x < 0.0)",DelayedQualitative,Incremental,online,20000,50,0.07690317754022544,0.0008248138586042768,3.845158877011272e-06,4.1240692930213845e-08,3.845158877011272,0.041240692930213846,1000.0
4,"(G[0,100] (x < 0.5)) or (G[100,150] (x > 0.0))",DelayedQualitative,Incremental,online,20000,50,0.00919005913892761,9.563179200975824e-05,4.5950295694638047e-07,4.781589600487912e-09,0.4595029569463805,0.004781589600487912,150.0
5,"(x < 0.0) U[0,1.0] (x > 0.0)",DelayedQualitative,Incremental,online,20000,50,0.007570910759095568,0.0001772729373833461,3.7854553795477837e-07,8.863646869167305e-09,0.37854553795477835,0.008863646869167305,1.0
5,"(x < 0.0) U[0,100.0] (x > 0.0)",DelayedQualitative,Incremental,online,20000,50,0.018929463260574268,0.00016599313185185357,9.464731630287134e-07,8.299656592592678e-09,0.9464731630287134,0.008299656592592679,100.0
5,"(x < 0.0) U[0,200.0] (x > 0.0)",DelayedQualitative,Incremental,online,20000,50,0.025255092440638692,0.000290831927492792,1.2627546220319346e-06,1.4541596374639601e-08,1.2627546220319346,0.014541596374639601,200.0
5,"(x < 0.0) U[0,300.0] (x > 0.0)",DelayedQualitative,Incremental,online,20000,50,0.033379260801011695,0.00038794928009207877,1.6689630400505848e-06,1.939746400460394e-08,1.6689630400505848,0.01939746400460394,300.0
5,"(x < 0.0) U[0,400.0] (x > 0.0)",DelayedQualitative,Incremental,online,20000,50,0.03889697667909786,0.00021929750712207269,1.944848833954893e-06,1.0964875356103635e-08,1.9448488339548928,0.010964875356103635,400.0
5,"(x < 0.0) U[0,500.0] (x > 0.0)",DelayedQualitative,Incremental,online,20000,50,0.04404234917892609,0.000736070844432775,2.2021174589463044e-06,3.680354222163875e-08,2.2021174589463044,0.03680354222163875,500.0
5,"(x < 0.0) U[0,600.0] (x > 0.0)",DelayedQualitative,Incremental,online,20000,50,0.05242667840037029,0.0005873814068238991,2.6213339200185145e-06,2.9369070341194955e-08,2.6213339200185146,0.029369070341194955,600.0
5,"(x < 0.0) U[0,700.0] (x > 0.0)",DelayedQualitative,Incremental,online,20000,50,0.05923136414057808,0.0004468093548916387,2.961568207028904e-06,2.2340467744581933e-08,2.961568207028904,0.022340467744581934,700.0
5,"(x < 0.0) U[0,800.0] (x > 0.0)",DelayedQualitative,Incremental,online,20000,50,0.06531647320080083,0.0010058109777502065,3.2658236600400418e-06,5.029054888751033e-08,3.265823660040042,0.05029054888751033,800.0
5,"(x < 0.0) U[0,900.0] (x > 0.0)",DelayedQualitative,Incremental,online,20000,50,0.07058177836152027,0.0007032553976053897,3.5290889180760136e-06,3.5162769880269486e-08,3.5290889180760137,0.035162769880269486,900.0
5,"(x < 0.0) U[0,1000.0] (x > 0.0)",DelayedQualitative,Incremental,online,20000,50,0.07765539840009296,0.0011539202461244118,3.882769920004648e-06,5.769601230622059e-08,3.882769920004648,0.05769601230622059,1000.0
5,"(x < 0.0) U[0,1100.0] (x > 0.0)",DelayedQualitative,Incremental,online,20000,50,0.08586812166060553,0.0006333094512546098,4.293406083030277e-06,3.166547256273049e-08,4.293406083030277,0.031665472562730494,1100.0
5,"(x < 0.0) U[0,1200.0] (x > 0.0)",DelayedQualitative,Incremental,online,20000,50,0.09325843755941605,0.0009193999908058323,4.662921877970803e-06,4.5969999540291616e-08,4.662921877970803,0.045969999540291615,1200.0
5,"(x < 0.0) U[0,1300.0] (x > 0.0)",DelayedQualitative,Incremental,online,20000,50,0.1004839958215598,0.0008386188270948183,5.02419979107799e-06,4.1930941354740917e-08,5.024199791077989,0.04193094135474092,1300.0
5,"(x < 0.0) U[0,1400.0] (x > 0.0)",DelayedQualitative,Incremental,online,20000,50,0.10824528172175633,0.0008399267239884427,5.412264086087816e-06,4.199633619942214e-08,5.412264086087816,0.041996336199422134,1400.0
5,"(x < 0.0) U[0,1500.0] (x > 0.0)",DelayedQualitative,Incremental,online,20000,50,0.11574807408062043,0.00173165899637194,5.7874037040310215e-06,8.658294981859701e-08,5.787403704031021,0.086582949818597,1500.0
5,"(x < 0.0) U[0,1600.0] (x > 0.0)",DelayedQualitative,Incremental,online,20000,50,0.1221795567398658,0.0007842730037266283,6.10897783699329e-06,3.921365018633142e-08,6.10897783699329,0.03921365018633142,1600.0
5,"(x < 0.0) U[0,1700.0] (x > 0.0)",DelayedQualitative,Incremental,online,20000,50,0.128330856700195,0.0008076340661015271,6.41654283500975e-06,4.038170330507636e-08,6.41654283500975,0.04038170330507636,1700.0
5,"(x < 0.0) U[0,1800.0] (x > 0.0)",DelayedQualitative,Incremental,online,20000,50,0.13413430752145358,0.0009735286467540648,6.706715376072679e-06,4.867643233770324e-08,6.70671537607268,0.04867643233770324,1800.0
5,"(x < 0.0) U[0,1900.0] (x > 0.0)",DelayedQualitative,Incremental,online,20000,50,0.14036383005906827,0.001159720557065653,7.018191502953413e-06,5.7986027853282653e-08,7.018191502953413,0.057986027853282655,1900.0
5,"(x < 0.0) U[0,2000.0] (x > 0.0)",DelayedQualitative,Incremental,online,20000,50,0.14661718074115926,0.0012678887048497057,7.330859037057963e-06,6.339443524248529e-08,7.330859037057963,0.0633944352424853,2000.0
5,"(x < 0.0) U[0,2100.0] (x > 0.0)",DelayedQualitative,Incremental,online,20000,50,0.15275228918035283,0.0007110551394371979,7.637614459017642e-06,3.55527569718599e-08,7.637614459017642,0.035552756971859896,2100.0
5,"(x < 0.0) U[0,2200.0] (x > 0.0)",DelayedQualitative,Incremental,online,20000,50,0.15875158335955347,0.0010320695279008674,7.937579167977673e-06,5.160347639504337e-08,7.937579167977673,0.05160347639504337,2200.0
5,"(x < 0.0) U[0,2300.0] (x > 0.0)",DelayedQualitative,Incremental,online,20000,50,0.16467059836053521,0.0011104519030597662,8.23352991802676e-06,5.552259515298831e-08,8.233529918026761,0.05552259515298831,2300.0
5,"(x < 0.0) U[0,2400.0] (x > 0.0)",DelayedQualitative,Incremental,online,20000,50,0.1698304725001799,0.0013663238815723503,8.491523625008996e-06,6.831619407861751e-08,8.491523625008996,0.06831619407861751,2400.0
5,"(x < 0.0) U[0,2500.0] (x > 0.0)",DelayedQualitative,Incremental,online,20000,50,0.17477574249962344,0.001002184752843468,8.738787124981171e-06,5.0109237642173405e-08,8.73878712498117,0.050109237642173406,2500.0
5,"(x < 0.0) U[0,2600.0] (x > 0.0)",DelayedQualitative,Incremental,online,20000,50,0.17993046075920574,0.001044850718443011,8.996523037960287e-06,5.224253592215055e-08,8.996523037960287,0.05224253592215055,2600.0
5,"(x < 0.0) U[0,2700.0] (x > 0.0)",DelayedQualitative,Incremental,online,20000,50,0.1851235350605566,0.0011751499238736105,9.25617675302783e-06,5.875749619368053e-08,9.25617675302783,0.05875749619368053,2700.0
5,"(x < 0.0) U[0,2800.0] (x > 0.0)",DelayedQualitative,Incremental,online,20000,50,0.19091264749935363,0.0011034715359055504,9.545632374967682e-06,5.517357679527752e-08,9.545632374967683,0.05517357679527752,2800.0
5,"(x < 0.0) U[0,2900.0] (x > 0.0)",DelayedQualitative,Incremental,online,20000,50,0.19704249667964177,0.0022310958890800346,9.852124833982088e-06,1.1155479445400173e-07,9.852124833982089,0.11155479445400174,2900.0
5,"(x < 0.0) U[0,3000.0] (x > 0.0)",DelayedQualitative,Incremental,online,20000,50,0.20048250491905492,0.0012734563625953956,1.0024125245952746e-05,6.367281812976978e-08,10.024125245952746,0.06367281812976978,3000.0
5,"(x < 0.0) U[0,3100.0] (x > 0.0)",DelayedQualitative,Incremental,online,20000,50,0.20554999413958286,0.0009853768020442037,1.0277499706979143e-05,4.9268840102210187e-08,10.277499706979143,0.049268840102210186,3100.0
5,"(x < 0.0) U[0,3200.0] (x > 0.0)",DelayedQualitative,Incremental,online,20000,50,0.21127122663980116,0.0020551906381452594,1.0563561331990057e-05,1.0275953190726297e-07,10.563561331990057,0.10275953190726296,3200.0
5,"(x < 0.0) U[0,3300.0] (x > 0.0)",DelayedQualitative,Incremental,online,20000,50,0.2159145490807714,0.0011128067115452965,1.079572745403857e-05,5.5640335577264823e-08,10.79572745403857,0.055640335577264825,3300.0
5,"(x < 0.0) U[0,3400.0] (x > 0.0)",DelayedQualitative,Incremental,online,20000,50,0.22018765251996228,0.0010630411148812725,1.1009382625998115e-05,5.3152055744063625e-08,11.009382625998114,0.05315205574406363,3400.0
5,"(x < 0.0) U[0,3500.0] (x > 0.0)",DelayedQualitative,Incremental,online,20000,50,0.225548666738905,0.0011099241222702982,1.127743333694525e-05,5.549620611351491e-08,11.277433336945249,0.05549620611351491,3500.0
5,"(x < 0.0) U[0,3600.0] (x > 0.0)",DelayedQualitative,Incremental,online,20000,50,0.233094886620529,0.005013719472492465,1.165474433102645e-05,2.5068597362462325e-07,11.65474433102645,0.25068597362462325,3600.0
5,"(x < 0.0) U[0,3700.0] (x > 0.0)",DelayedQualitative,Incremental,online,20000,50,0.23467500831902727,0.0009121136631699665,1.1733750415951364e-05,4.560568315849833e-08,11.733750415951365,0.04560568315849833,3700.0
5,"(x < 0.0) U[0,3800.0] (x > 0.0)",DelayedQualitative,Incremental,online,20000,50,0.23940681928041158,0.0010725767041477392,1.1970340964020578e-05,5.3628835207386965e-08,11.970340964020577,0.05362883520738696,3800.0
5,"(x < 0.0) U[0,3900.0] (x > 0.0)",DelayedQualitative,Incremental,online,20000,50,0.24431285168015165,0.001443777189029095,1.2215642584007583e-05,7.218885945145475e-08,12.215642584007583,0.07218885945145474,3900.0
5,"(x < 0.0) U[0,4000.0] (x > 0.0)",DelayedQualitative,Incremental,online,20000,50,0.2495910667188582,0.001991407324394751,1.247955333594291e-05,9.957036621973754e-08,12.47955333594291,0.09957036621973754,4000.0
5,"(x < 0.0) U[0,4100.0] (x > 0.0)",DelayedQualitative,Incremental,online,20000,50,0.30512861341936515,0.030285809303030747,1.5256430670968258e-05,1.5142904651515372e-06,15.256430670968257,1.5142904651515372,4100.0
5,"(x < 0.0) U[0,4200.0] (x > 0.0)",DelayedQualitative,Incremental,online,20000,50,0.3149314124818193,0.030916697322507306,1.5746570624090962e-05,1.5458348661253653e-06,15.746570624090962,1.5458348661253654,4200.0
5,"(x < 0.0) U[0,4300.0] (x > 0.0)",DelayedQualitative,Incremental,online,20000,50,0.31866894670005425,0.03154157665230769,1.593344733500271e-05,1.5770788326153845e-06,15.933447335002711,1.5770788326153844,4300.0
5,"(x < 0.0) U[0,4400.0] (x > 0.0)",DelayedQualitative,Incremental,online,20000,50,0.32886229424038904,0.0299826532765319,1.6443114712019453e-05,1.499132663826595e-06,16.443114712019455,1.4991326638265952,4400.0
5,"(x < 0.0) U[0,4500.0] (x > 0.0)",DelayedQualitative,Incremental,online,20000,50,0.33997136746096657,0.027846388569826092,1.699856837304833e-05,1.3923194284913047e-06,16.99856837304833,1.3923194284913047,4500.0
5,"(x < 0.0) U[0,4600.0] (x > 0.0)",DelayedQualitative,Incremental,online,20000,50,0.3387221391600906,0.027325924868556423,1.6936106958004528e-05,1.366296243427821e-06,16.936106958004526,1.366296243427821,4600.0
5,"(x < 0.0) U[0,4700.0] (x > 0.0)",DelayedQualitative,Incremental,online,20000,50,0.34253657258028397,0.02394670503178286,1.71268286290142e-05,1.197335251589143e-06,17.1268286290142,1.197335251589143,4700.0
5,"(x < 0.0) U[0,4800.0] (x > 0.0)",DelayedQualitative,Incremental,online,20000,50,0.347762955079088,0.02819689067930759,1.73881477539544e-05,1.4098445339653797e-06,17.3881477539544,1.4098445339653796,4800.0
5,"(x < 0.0) U[0,4900.0] (x > 0.0)",DelayedQualitative,Incremental,online,20000,50,0.35226342410081996,0.025257976654657396,1.7613171205040998e-05,1.2628988327328699e-06,17.613171205041,1.2628988327328698,4900.0
5,"(x < 0.0) U[0,5000.0] (x > 0.0)",DelayedQualitative,Incremental,online,20000,50,0.3519039832998533,0.03057716900142732,1.7595199164992665e-05,1.528858450071366e-06,17.595199164992664,1.528858450071366,5000.0
6,"G[0,1.0] (x > 0.0)",DelayedQualitative,Incremental,online,20000,50,0.004821452520263847,0.00015481595470737282,2.4107262601319235e-07,7.740797735368641e-09,0.24107262601319235,0.007740797735368642,1.0
6,"G[0,100.0] (x > 0.0)",DelayedQualitative,Incremental,online,20000,50,0.0052409540800726975,8.155620416565322e-05,2.6204770400363486e-07,4.077810208282661e-09,0.26204770400363486,0.004077810208282661,100.0
6,"G[0,200.0] (x > 0.0)",DelayedQualitative,Incremental,online,20000,50,0.005117063340148889,0.00011592164907229312,2.5585316700744447e-07,5.796082453614656e-09,0.2558531670074445,0.005796082453614656,200.0
6,"G[0,300.0] (x > 0.0)",DelayedQualitative,Incremental,online,20000,50,0.005223391659965273,9.650915727250346e-05,2.6116958299826366e-07,4.825457863625173e-09,0.26116958299826365,0.004825457863625173,300.0
6,"G[0,400.0] (x > 0.0)",DelayedQualitative,Incremental,online,20000,50,0.005084395020094235,0.00011465057646375096,2.5421975100471173e-07,5.732528823187548e-09,0.2542197510047117,0.005732528823187548,400.0
6,"G[0,500.0] (x > 0.0)",DelayedQualitative,Incremental,online,20000,50,0.00518828168103937,0.00013250026478854392,2.594140840519685e-07,6.6250132394271965e-09,0.2594140840519685,0.006625013239427197,500.0
6,"G[0,600.0] (x > 0.0)",DelayedQualitative,Incremental,online,20000,50,0.005109853298054076,0.0001402042993549744,2.554926649027038e-07,7.01021496774872e-09,0.25549266490270384,0.00701021496774872,600.0
6,"G[0,700.0] (x > 0.0)",DelayedQualitative,Incremental,online,20000,50,0.0051448357594199474,0.00013092071479759264,2.5724178797099735e-07,6.546035739879632e-09,0.25724178797099734,0.006546035739879632,700.0
6,"G[0,800.0] (x > 0.0)",DelayedQualitative,Incremental,online,20000,50,0.005239299219392706,0.00012167919441777268,2.619649609696353e-07,6.083959720888634e-09,0.2619649609696353,0.006083959720888633,800.0
6,"G[0,900.0] (x > 0.0)",DelayedQualitative,Incremental,online,20000,50,0.004918417540320661,0.00016095663465554458,2.4592087701603304e-07,8.04783173277723e-09,0.24592087701603305,0.00804783173277723,900.0
6,"G[0,1000.0] (x > 0.0)",DelayedQualitative,Incremental,online,20000,50,0.0050857865990838035,9.975723117911848e-05,2.5428932995419017e-07,4.987861558955924e-09,0.2542893299541902,0.004987861558955924,1000.0
6,"G[0,1100.0] (x > 0.0)",DelayedQualitative,Incremental,online,20000,50,0.004950509260233957,0.00017104828236641712,2.4752546301169784e-07,8.552414118320855e-09,0.24752546301169784,0.008552414118320854,1100.0
6,"G[0,1200.0] (x > 0.0)",DelayedQualitative,Incremental,online,20000,50,0.0051207783212885265,0.0001189590915822333,2.560389160644263e-07,5.9479545791116656e-09,0.2560389160644263,0.005947954579111666,1200.0
6,"G[0,1300.0] (x > 0.0)",DelayedQualitative,Incremental,online,20000,50,0.005010765038896352,0.00014939650300208567,2.505382519448176e-07,7.469825150104284e-09,0.2505382519448176,0.007469825150104284,1300.0
6,"G[0,1400.0] (x > 0.0)",DelayedQualitative,Incremental,online,20000,50,0.005113264999818057,0.00012783427297368316,2.5566324999090285e-07,6.391713648684158e-09,0.25566324999090284,0.006391713648684158,1400.0
6,"G[0,1500.0] (x > 0.0)",DelayedQualitative,Incremental,online,20000,50,0.0050380717206280675,0.00015347159009768807,2.519035860314034e-07,7.673579504884404e-09,0.2519035860314034,0.007673579504884403,1500.0
6,"G[0,1600.0] (x > 0.0)",DelayedQualitative,Incremental,online,20000,50,0.005199210078571923,0.0001572570828183647,2.5996050392859616e-07,7.862854140918235e-09,0.25996050392859615,0.007862854140918234,1600.0
6,"G[0,1700.0] (x > 0.0)",DelayedQualitative,Incremental,online,20000,50,0.005361993322439957,0.00011238296856056995,2.6809966612199787e-07,5.619148428028497e-09,0.26809966612199787,0.005619148428028497,1700.0
6,"G[0,1800.0] (x > 0.0)",DelayedQualitative,Incremental,online,20000,50,0.005255608279549051,0.00010004800972298532,2.6278041397745256e-07,5.002400486149266e-09,0.26278041397745255,0.005002400486149266,1800.0
6,"G[0,1900.0] (x > 0.0)",DelayedQualitative,Incremental,online,20000,50,0.005257225880923215,9.512116927349342e-05,2.6286129404616075e-07,4.7560584636746704e-09,0.26286129404616076,0.00475605846367467,1900.0
6,"G[0,2000.0] (x > 0.0)",DelayedQualitative,Incremental,online,20000,50,0.005263837521197274,8.429798347282993e-05,2.6319187605986373e-07,4.214899173641496e-09,0.2631918760598637,0.004214899173641496,2000.0
6,"G[0,2100.0] (x > 0.0)",DelayedQualitative,Incremental,online,20000,50,0.005250661679892801,0.00011285161810399394,2.6253308399464005e-07,5.642580905199697e-09,0.26253308399464004,0.005642580905199697,2100.0
6,"G[0,2200.0] (x > 0.0)",DelayedQualitative,Incremental,online,20000,50,0.005263030839269049,9.421950428215567e-05,2.631515419634525e-07,4.710975214107783e-09,0.2631515419634525,0.004710975214107784,2200.0
6,"G[0,2300.0] (x > 0.0)",DelayedQualitative,Incremental,online,20000,50,0.005196189199341461,0.00010629440851325848,2.5980945996707307e-07,5.314720425662924e-09,0.25980945996707305,0.0053147204256629235,2300.0
6,"G[0,2400.0] (x > 0.0)",DelayedQualitative,Incremental,online,20000,50,0.005274335880530998,0.0001247662118119623,2.637167940265499e-07,6.2383105905981145e-09,0.26371679402654985,0.006238310590598114,2400.0
6,"G[0,2500.0] (x > 0.0)",DelayedQualitative,Incremental,online,20000,50,0.005172740862180944,0.00012821619891988591,2.586370431090472e-07,6.410809945994296e-09,0.25863704310904717,0.006410809945994296,2500.0
6,"G[0,2600.0] (x > 0.0)",DelayedQualitative,Incremental,online,20000,50,0.005316639899974689,0.00011298154275280786,2.6583199499873446e-07,5.6490771376403935e-09,0.26583199499873444,0.005649077137640394,2600.0
6,"G[0,2700.0] (x > 0.0)",DelayedQualitative,Incremental,online,20000,50,0.005215564159443602,0.0001185533885574058,2.607782079721801e-07,5.92766942787029e-09,0.2607782079721801,0.0059276694278702895,2700.0
6,"G[0,2800.0] (x > 0.0)",DelayedQualitative,Incremental,online,20000,50,0.005314487539872062,0.00010972636142714338,2.6572437699360307e-07,5.486318071357169e-09,0.2657243769936031,0.005486318071357169,2800.0
6,"G[0,2900.0] (x > 0.0)",DelayedQualitative,Incremental,online,20000,50,0.005186145839979872,0.0001139710281471265,2.593072919989936e-07,5.698551407356325e-09,0.2593072919989936,0.005698551407356325,2900.0
6,"G[0,3000.0] (x > 0.0)",DelayedQualitative,Incremental,online,20000,50,0.005315698338963557,0.00012998757552402118,2.657849169481778e-07,6.499378776201059e-09,0.2657849169481778,0.006499378776201059,3000.0
6,"G[0,3100.0] (x > 0.0)",DelayedQualitative,Incremental,online,20000,50,0.005216358378238511,0.00011055047181594187,2.608179189119255e-07,5.527523590797093e-09,0.2608179189119255,0.005527523590797093,3100.0
6,"G[0,3200.0] (x > 0.0)",DelayedQualitative,Incremental,online,20000,50,0.0053360933603835295,9.956326628725135e-05,2.668046680191765e-07,4.978163314362568e-09,0.26680466801917646,0.004978163314362568,3200.0
6,"G[0,3300.0] (x > 0.0)",DelayedQualitative,Incremental,online,20000,50,0.0052687315814546306,0.00011724203764950382,2.634365790727315e-07,5.862101882475191e-09,0.2634365790727315,0.005862101882475191,3300.0
6,"G[0,3400.0] (x > 0.0)",DelayedQualitative,Incremental,online,20000,50,0.005307337601261679,8.151601539636377e-05,2.6536688006308395e-07,4.0758007698181884e-09,0.26536688006308395,0.0040758007698181884,3400.0
6,"G[0,3500.0] (x > 0.0)",DelayedQualitative,Incremental,online,20000,50,0.005287318319897167,0.00012394287452001357,2.6436591599485834e-07,6.197143726000678e-09,0.2643659159948583,0.006197143726000678,3500.0
6,"G[0,3600.0] (x > 0.0)",DelayedQualitative,Incremental,online,20000,50,0.0052444158587604765,0.00014291492481938934,2.622207929380238e-07,7.1457462409694675e-09,0.2622207929380238,0.007145746240969467,3600.0
6,"G[0,3700.0] (x > 0.0)",DelayedQualitative,Incremental,online,20000,50,0.004996213398990221,0.00014654891684289683,2.4981066994951105e-07,7.327445842144841e-09,0.24981066994951104,0.007327445842144841,3700.0
6,"G[0,3800.0] (x > 0.0)",DelayedQualitative,Incremental,online,20000,50,0.005016814960981719,0.00011299186123297048,2.50840748049086e-07,5.649593061648524e-09,0.25084074804908596,0.005649593061648524,3800.0
6,"G[0,3900.0] (x > 0.0)",DelayedQualitative,Incremental,online,20000,50,0.005046485000057146,0.00012137983688674564,2.523242500028573e-07,6.068991844337282e-09,0.2523242500028573,0.0060689918443372825,3900.0
6,"G[0,4000.0] (x > 0.0)",DelayedQualitative,Incremental,online,20000,50,0.0049876217221026305,0.00016416114251676495,2.493810861051315e-07,8.208057125838247e-09,0.2493810861051315,0.008208057125838247,4000.0
6,"G[0,4100.0] (x > 0.0)",DelayedQualitative,Incremental,online,20000,50,0.004939729179313872,0.00010687087532743232,2.469864589656936e-07,5.343543766371616e-09,0.2469864589656936,0.0053435437663716156,4100.0
6,"G[0,4200.0] (x > 0.0)",DelayedQualitative,Incremental,online,20000,50,0.005096315840492025,8.856586355666597e-05,2.548157920246012e-07,4.428293177833298e-09,0.2548157920246012,0.004428293177833298,4200.0
6,"G[0,4300.0] (x > 0.0)",DelayedQualitative,Incremental,online,20000,50,0.004870927519805264,0.00013082529986583458,2.4354637599026316e-07,6.541264993291729e-09,0.24354637599026316,0.006541264993291729,4300.0
6,"G[0,4400.0] (x > 0.0)",DelayedQualitative,Incremental,online,20000,50,0.005094181560270954,0.00011663999074428776,2.5470907801354774e-07,5.831999537214388e-09,0.25470907801354775,0.005831999537214388,4400.0
6,"G[0,4500.0] (x > 0.0)",DelayedQualitative,Incremental,online,20000,50,0.0048612634002347475,0.00014546736007725911,2.4306317001173735e-07,7.273368003862956e-09,0.24306317001173736,0.007273368003862956,4500.0
6,"G[0,4600.0] (x > 0.0)",DelayedQualitative,Incremental,online,20000,50,0.004908771599293687,7.840920006975651e-05,2.4543857996468433e-07,3.920460003487826e-09,0.24543857996468432,0.003920460003487826,4600.0
6,"G[0,4700.0] (x > 0.0)",DelayedQualitative,Incremental,online,20000,50,0.00492870168061927,8.120950563969017e-05,2.464350840309635e-07,4.060475281984508e-09,0.24643508403096348,0.004060475281984508,4700.0
6,"G[0,4800.0] (x > 0.0)",DelayedQualitative,Incremental,online,20000,50,0.0048419416198157705,0.00010528574818352839,2.4209708099078855e-07,5.26428740917642e-09,0.24209708099078855,0.00526428740917642,4800.0
6,"G[0,4900.0] (x > 0.0)",DelayedQualitative,Incremental,online,20000,50,0.004878699200344272,0.0001221354540083034,2.439349600172136e-07,6.1067727004151694e-09,0.2439349600172136,0.006106772700415169,4900.0
6,"G[0,5000.0] (x > 0.0)",DelayedQualitative,Incremental,online,20000,50,0.0048666357982438055,0.00013841551166755088,2.433317899121903e-07,6.920775583377544e-09,0.2433317899121903,0.006920775583377544,5000.0
7,"F[0,1.0] (x > 0.0)",DelayedQualitative,Incremental,online,20000,50,0.004917167398380115,0.00010861002053146041,2.458583699190058e-07,5.4305010265730206e-09,0.24585836991900578,0.005430501026573021,1.0
7,"F[0,100.0] (x > 0.0)",DelayedQualitative,Incremental,online,20000,50,0.005193635039613582,0.00011874558551059017,2.596817519806791e-07,5.937279275529509e-09,0.25968175198067905,0.005937279275529509,100.0
7,"F[0,200.0] (x > 0.0)",DelayedQualitative,Incremental,online,20000,50,0.005165331679163501,0.00013038759926212775,2.5826658395817504e-07,6.519379963106387e-09,0.25826658395817503,0.006519379963106387,200.0
7,"F[0,300.0] (x > 0.0)",DelayedQualitative,Incremental,online,20000,50,0.005161323478387203,0.00012338288503485552,2.5806617391936016e-07,6.169144251742776e-09,0.25806617391936015,0.0061691442517427765,300.0
7,"F[0,400.0] (x > 0.0)",DelayedQualitative,Incremental,online,20000,50,0.005075873340538237,0.00013114453064233382,2.5379366702691184e-07,6.557226532116691e-09,0.25379366702691186,0.006557226532116691,400.0
7,"F[0,500.0] (x > 0.0)",DelayedQualitative,Incremental,online,20000,50,0.005172271661285777,0.00013016351698685478,2.5861358306428883e-07,6.508175849342739e-09,0.25861358306428883,0.006508175849342739,500.0
7,"F[0,600.0] (x > 0.0)",DelayedQualitative,Incremental,online,20000,50,0.005003270899469499,0.00012935145430589782,2.5016354497347496e-07,6.467572715294891e-09,0.250163544973475,0.0064675727152948915,600.0
7,"F[0,700.0] (x > 0.0)",DelayedQualitative,Incremental,online,20000,50,0.005396930039278231,9.724448154216794e-05,2.6984650196391154e-07,4.862224077108397e-09,0.2698465019639115,0.004862224077108397,700.0
7,"F[0,800.0] (x > 0.0)",DelayedQualitative,Incremental,online,20000,50,0.005454575000039767,0.0001216979746156298,2.7272875000198836e-07,6.08489873078149e-09,0.2727287500019884,0.00608489873078149,800.0
7,"F[0,900.0] (x > 0.0)",DelayedQualitative,Incremental,online,20000,50,0.0052730700196116235,0.00011041142037162299,2.636535009805812e-07,5.52057101858115e-09,0.2636535009805812,0.00552057101858115,900.0
7,"F[0,1000.0] (x > 0.0)",DelayedQualitative,Incremental,online,20000,50,0.00518696179962717,7.726587231654329e-05,2.593480899813585e-07,3.863293615827164e-09,0.2593480899813585,0.0038632936158271643,1000.0
7,"F[0,1100.0] (x > 0.0)",DelayedQualitative,Incremental,online,20000,50,0.0053056475601624695,0.00010927081572659864,2.6528237800812347e-07,5.463540786329932e-09,0.2652823780081235,0.005463540786329932,1100.0
7,"F[0,1200.0] (x > 0.0)",DelayedQualitative,Incremental,online,20000,50,0.005390771679230966,0.00011267864846822009,2.6953858396154827e-07,5.633932423411004e-09,0.2695385839615483,0.005633932423411004,1200.0
7,"F[0,1300.0] (x > 0.0)",DelayedQualitative,Incremental,online,20000,50,0.005360167500621174,8.454456438267522e-05,2.680083750310587e-07,4.227228219133761e-09,0.2680083750310587,0.004227228219133761,1300.0
7,"F[0,1400.0] (x > 0.0)",DelayedQualitative,Incremental,online,20000,50,0.005369834138837177,8.942545834284937e-05,2.6849170694185885e-07,4.471272917142469e-09,0.26849170694185887,0.004471272917142469,1400.0
7,"F[0,1500.0] (x > 0.0)",DelayedQualitative,Incremental,online,20000,50,0.005361209180264268,0.00010289688206611123,2.680604590132134e-07,5.144844103305562e-09,0.2680604590132134,0.005144844103305562,1500.0
7,"F[0,1600.0] (x > 0.0)",DelayedQualitative,Incremental,online,20000,50,0.0053235675400355835,0.00010484338647914225,2.661783770017792e-07,5.242169323957113e-09,0.2661783770017792,0.0052421693239571125,1600.0
7,"F[0,1700.0] (x > 0.0)",DelayedQualitative,Incremental,online,20000,50,0.005404851599887479,0.00012617601113947924,2.7024257999437396e-07,6.308800556973962e-09,0.27024257999437395,0.006308800556973962,1700.0
7,"F[0,1800.0] (x > 0.0)",DelayedQualitative,Incremental,online,20000,50,0.005232148300274275,9.64735869202218e-05,2.6160741501371375e-07,4.82367934601109e-09,0.26160741501371376,0.0048236793460110896,1800.0
7,"F[0,1900.0] (x > 0.0)",DelayedQualitative,Incremental,online,20000,50,0.005331239259394351,0.00014450309854925324,2.6656196296971757e-07,7.225154927462662e-09,0.26656196296971757,0.0072251549274626615,1900.0
7,"F[0,2000.0] (x > 0.0)",DelayedQualitative,Incremental,online,20000,50,0.0051887808804167435,9.481181025265123e-05,2.594390440208372e-07,4.740590512632561e-09,0.2594390440208372,0.004740590512632561,2000.0
7,"F[0,2100.0] (x > 0.0)",DelayedQualitative,Incremental,online,20000,50,0.005317950059543363,0.00011544800017626847,2.658975029771682e-07,5.772400008813424e-09,0.2658975029771682,0.0057724000088134235,2100.0
7,"F[0,2200.0] (x > 0.0)",DelayedQualitative,Incremental,online,20000,50,0.005172627500724047,0.00010634591264734181,2.5863137503620234e-07,5.317295632367091e-09,0.2586313750362023,0.005317295632367091,2200.0
7,"F[0,2300.0] (x > 0.0)",DelayedQualitative,Incremental,online,20000,50,0.005310078219918068,0.00010490220877321714,2.655039109959034e-07,5.245110438660857e-09,0.2655039109959034,0.0052451104386608575,2300.0
7,"F[0,2400.0] (x > 0.0)",DelayedQualitative,Incremental,online,20000,50,0.005174355940835085,0.0001128629916754612,2.587177970417542e-07,5.64314958377306e-09,0.2587177970417542,0.00564314958377306,2400.0
7,"F[0,2500.0] (x > 0.0)",DelayedQualitative,Incremental,online,20000,50,0.005304988278949168,0.00010262802151507114,2.652494139474584e-07,5.131401075753557e-09,0.2652494139474584,0.005131401075753557,2500.0
7,"F[0,2600.0] (x > 0.0)",DelayedQualitative,Incremental,online,20000,50,0.005158891640894581,0.00011844228840289257,2.5794458204472905e-07,5.922114420144628e-09,0.25794458204472903,0.005922114420144628,2600.0
7,"F[0,2700.0] (x > 0.0)",DelayedQualitative,Incremental,online,20000,50,0.004995755860581994,0.0001006329260391015,2.497877930290997e-07,5.031646301955075e-09,0.2497877930290997,0.005031646301955075,2700.0
7,"F[0,2800.0] (x > 0.0)",DelayedQualitative,Incremental,online,20000,50,0.004901346700207796,0.0001239255695802523,2.450673350103898e-07,6.1962784790126155e-09,0.2450673350103898,0.0061962784790126155,2800.0
7,"F[0,2900.0] (x > 0.0)",DelayedQualitative,Incremental,online,20000,50,0.005059862421767321,0.0001438977982937487,2.5299312108836606e-07,7.194889914687436e-09,0.2529931210883661,0.007194889914687436,2900.0
7,"F[0,3000.0] (x > 0.0)",DelayedQualitative,Incremental,online,20000,50,0.004930880859901663,0.00016219550071234356,2.4654404299508317e-07,8.109775035617178e-09,0.24654404299508317,0.008109775035617179,3000.0
7,"F[0,3100.0] (x > 0.0)",DelayedQualitative,Incremental,online,20000,50,0.004984086639015004,9.620768439574031e-05,2.492043319507502e-07,4.810384219787015e-09,0.2492043319507502,0.004810384219787015,3100.0
7,"F[0,3200.0] (x > 0.0)",DelayedQualitative,Incremental,online,20000,50,0.005068031738628634,9.110691534340774e-05,2.534015869314317e-07,4.555345767170387e-09,0.2534015869314317,0.004555345767170387,3200.0
7,"F[0,3300.0] (x > 0.0)",DelayedQualitative,Incremental,online,20000,50,0.004930142481462099,6.482283650901059e-05,2.465071240731049e-07,3.2411418254505293e-09,0.24650712407310493,0.0032411418254505294,3300.0
7,"F[0,3400.0] (x > 0.0)",DelayedQualitative,Incremental,online,20000,50,0.005036316680489108,8.394477259422844e-05,2.518158340244554e-07,4.197238629711422e-09,0.2518158340244554,0.004197238629711422,3400.0
7,"F[0,3500.0] (x > 0.0)",DelayedQualitative,Incremental,online,20000,50,0.004974420798534993,0.0001456675194435026,2.4872103992674963e-07,7.28337597217513e-09,0.24872103992674963,0.00728337597217513,3500.0
7,"F[0,3600.0] (x > 0.0)",DelayedQualitative,Incremental,online,20000,50,0.005029204200545792,9.103535650834651e-05,2.5146021002728957e-07,4.551767825417326e-09,0.2514602100272896,0.004551767825417326,3600.0
7,"F[0,3700.0] (x > 0.0)",DelayedQualitative,Incremental,online,20000,50,0.005003710920864251,0.0001554210030791174,2.5018554604321253e-07,7.77105015395587e-09,0.2501855460432125,0.00777105015395587,3700.0
7,"F[0,3800.0] (x > 0.0)",DelayedQualitative,Incremental,online,20000,50,0.004958624199207407,9.723951243716622e-05,2.479312099603703e-07,4.861975621858311e-09,0.24793120996037032,0.004861975621858311,3800.0
7,"F[0,3900.0] (x > 0.0)",DelayedQualitative,Incremental,online,20000,50,0.005002073279756587,0.000134338807351557,2.5010366398782935e-07,6.716940367577849e-09,0.25010366398782935,0.0067169403675778495,3900.0
7,"F[0,4000.0] (x > 0.0)",DelayedQualitative,Incremental,online,20000,50,0.004947913480573334,0.00016006237857658763,2.473956740286667e-07,8.00311892882938e-09,0.2473956740286667,0.00800311892882938,4000.0
7,"F[0,4100.0] (x > 0.0)",DelayedQualitative,Incremental,online,20000,50,0.005069629979843739,0.00011749456279480862,2.5348149899218697e-07,5.8747281397404316e-09,0.25348149899218697,0.005874728139740432,4100.0
7,"F[0,4200.0] (x > 0.0)",DelayedQualitative,Incremental,online,20000,50,0.00495732489915099,0.00014050988058739576,2.478662449575495e-07,7.025494029369788e-09,0.2478662449575495,0.007025494029369788,4200.0
7,"F[0,4300.0] (x > 0.0)",DelayedQualitative,Incremental,online,20000,50,0.004981598301092163,0.00011686422968369478,2.490799150546081e-07,5.843211484184739e-09,0.2490799150546081,0.005843211484184738,4300.0
7,"F[0,4400.0] (x > 0.0)",DelayedQualitative,Incremental,online,20000,50,0.0049831700188224205,7.750384498882916e-05,2.4915850094112105e-07,3.875192249441458e-09,0.24915850094112105,0.003875192249441458,4400.0
7,"F[0,4500.0] (x > 0.0)",DelayedQualitative,Incremental,online,20000,50,0.004835646680148784,6.150169255668127e-05,2.417823340074392e-07,3.0750846278340634e-09,0.2417823340074392,0.0030750846278340634,4500.0
7,"F[0,4600.0] (x > 0.0)",DelayedQualitative,Incremental,online,20000,50,0.004946453340526204,0.0001100556787194069,2.4732266702631023e-07,5.5027839359703455e-09,0.24732266702631023,0.005502783935970345,4600.0
7,"F[0,4700.0] (x > 0.0)",DelayedQualitative,Incremental,online,20000,50,0.004825254939496517,0.00012307222475491393,2.4126274697482585e-07,6.153611237745697e-09,0.24126274697482586,0.006153611237745696,4700.0
7,"F[0,4800.0] (x > 0.0)",DelayedQualitative,Incremental,online,20000,50,0.00505039414158091,9.824197740423361e-05,2.525197070790455e-07,4.912098870211681e-09,0.25251970707904553,0.004912098870211681,4800.0
7,"F[0,4900.0] (x > 0.0)",DelayedQualitative,Incremental,online,20000,50,0.005138007439963985,9.674405517184312e-05,2.5690037199819926e-07,4.8372027585921565e-09,0.25690037199819926,0.004837202758592157,4900.0
7,"F[0,5000.0] (x > 0.0)",DelayedQualitative,Incremental,online,20000,50,0.005152185021142941,0.00014114040304229905,2.5760925105714706e-07,7.0570201521149525e-09,0.25760925105714705,0.007057020152114952,5000.0
1,(x < 0.5) and (x > -0.5),EagerQualitative,Incremental,online,20000,50,0.0052290058604558,9.081611856723721e-05,2.6145029302278996e-07,4.54080592836186e-09,0.26145029302278994,0.00454080592836186,0.0
2,"G[0,1000] (x > 0.5 -> F[0,100] (x < 0.0))",EagerQualitative,Incremental,online,20000,50,0.008589034160540904,8.326299306452458e-05,4.294517080270452e-07,4.163149653226229e-09,0.4294517080270452,0.004163149653226229,1100.0
3,"(x < 0.5) U[0,1000] (x < 0.0)",EagerQualitative,Incremental,online,20000,50,0.024242361579090356,0.0002186684824755997,1.2121180789545178e-06,1.0933424123779984e-08,1.2121180789545178,0.010933424123779983,1000.0
4,"(G[0,100] (x < 0.5)) or (G[100,150] (x > 0.0))",EagerQualitative,Incremental,online,20000,50,0.01588240663986653,0.00014016082426467313,7.941203319933264e-07,7.008041213233656e-09,0.7941203319933264,0.007008041213233656,150.0
5,"(x < 0.0) U[0,1.0] (x > 0.0)",EagerQualitative,Incremental,online,20000,50,0.007474959919927642,0.00011712140285639704,3.7374799599638206e-07,5.856070142819852e-09,0.3737479959963821,0.005856070142819852,1.0
5,"(x < 0.0) U[0,100.0] (x > 0.0)",EagerQualitative,Incremental,online,20000,50,0.013549509139847942,0.00015132452834202228,6.774754569923971e-07,7.566226417101115e-09,0.6774754569923971,0.007566226417101115,100.0
5,"(x < 0.0) U[0,200.0] (x > 0.0)",EagerQualitative,Incremental,online,20000,50,0.015254023280867841,0.00019344858184911423,7.62701164043392e-07,9.67242909245571e-09,0.762701164043392,0.009672429092455711,200.0
5,"(x < 0.0) U[0,300.0] (x > 0.0)",EagerQualitative,Incremental,online,20000,50,0.01712308411981212,0.00020505649974820428,8.561542059906059e-07,1.0252824987410215e-08,0.856154205990606,0.010252824987410215,300.0
5,"(x < 0.0) U[0,400.0] (x > 0.0)",EagerQualitative,Incremental,online,20000,50,0.019236989140626975,0.00020683078297236787,9.618494570313487e-07,1.0341539148618394e-08,0.9618494570313487,0.010341539148618394,400.0
5,"(x < 0.0) U[0,500.0] (x > 0.0)",EagerQualitative,Incremental,online,20000,50,0.02130963499948848,0.00025819628631506517,1.065481749974424e-06,1.290981431575326e-08,1.065481749974424,0.012909814315753259,500.0
5,"(x < 0.0) U[0,600.0] (x > 0.0)",EagerQualitative,Incremental,online,20000,50,0.023472756678820587,0.00019439237178065337,1.1736378339410295e-06,9.719618589032668e-09,1.1736378339410294,0.009719618589032667,600.0
5,"(x < 0.0) U[0,700.0] (x > 0.0)",EagerQualitative,Incremental,online,20000,50,0.025429764200234784,0.0002581039307775041,1.2714882100117393e-06,1.2905196538875204e-08,1.2714882100117393,0.012905196538875204,700.0
5,"(x < 0.0) U[0,800.0] (x > 0.0)",EagerQualitative,Incremental,online,20000,50,0.028043978337955196,0.0002701208542511308,1.4021989168977598e-06,1.3506042712556541e-08,1.4021989168977598,0.013506042712556541,800.0
5,"(x < 0.0) U[0,900.0] (x > 0.0)",EagerQualitative,Incremental,online,20000,50,0.030069765701482537,0.00028781596590018825,1.5034882850741269e-06,1.4390798295009412e-08,1.503488285074127,0.014390798295009413,900.0
5,"(x < 0.0) U[0,1000.0] (x > 0.0)",EagerQualitative,Incremental,online,20000,50,0.032113851719768716,0.0002578459956261206,1.6056925859884358e-06,1.289229978130603e-08,1.605692585988436,0.01289229978130603,1000.0
5,"(x < 0.0) U[0,1100.0] (x > 0.0)",EagerQualitative,Incremental,online,20000,50,0.03384248416114133,0.00039664316665656465,1.6921242080570665e-06,1.9832158332828232e-08,1.6921242080570664,0.019832158332828233,1100.0
5,"(x < 0.0) U[0,1200.0] (x > 0.0)",EagerQualitative,Incremental,online,20000,50,0.035693280880514065,0.00034913157029466054,1.7846640440257033e-06,1.7456578514733028e-08,1.7846640440257033,0.017456578514733027,1200.0
5,"(x < 0.0) U[0,1300.0] (x > 0.0)",EagerQualitative,Incremental,online,20000,50,0.03763679832074558,0.000368041579233354,1.881839916037279e-06,1.84020789616677e-08,1.881839916037279,0.0184020789616677,1300.0
5,"(x < 0.0) U[0,1400.0] (x > 0.0)",EagerQualitative,Incremental,online,20000,50,0.040152619979926384,0.00036601011174917664,2.007630998996319e-06,1.830050558745883e-08,2.0076309989963192,0.01830050558745883,1400.0
5,"(x < 0.0) U[0,1500.0] (x > 0.0)",EagerQualitative,Incremental,online,20000,50,0.042341140060743784,0.0004282635764771492,2.1170570030371894e-06,2.141317882385746e-08,2.1170570030371896,0.02141317882385746,1500.0
5,"(x < 0.0) U[0,1600.0] (x > 0.0)",EagerQualitative,Incremental,online,20000,50,0.04409060589910951,0.0004469575113685598,2.2045302949554754e-06,2.234787556842799e-08,2.2045302949554753,0.022347875568427992,1600.0
5,"(x < 0.0) U[0,1700.0] (x > 0.0)",EagerQualitative,Incremental,online,20000,50,0.04566855074052,0.00039265301740674024,2.283427537026e-06,1.9632650870337013e-08,2.2834275370259998,0.019632650870337012,1700.0
5,"(x < 0.0) U[0,1800.0] (x > 0.0)",EagerQualitative,Incremental,online,20000,50,0.04760251080064336,0.00044592629873660433,2.380125540032168e-06,2.2296314936830216e-08,2.380125540032168,0.022296314936830215,1800.0
5,"(x < 0.0) U[0,1900.0] (x > 0.0)",EagerQualitative,Incremental,online,20000,50,0.05030951338034356,0.00032872147839810046,2.5154756690171783e-06,1.6436073919905024e-08,2.5154756690171785,0.016436073919905023,1900.0
5,"(x < 0.0) U[0,2000.0] (x > 0.0)",EagerQualitative,Incremental,online,20000,50,0.05231603171763709,0.00044701095045360684,2.615801585881854e-06,2.2350547522680342e-08,2.6158015858818544,0.022350547522680342,2000.0
5,"(x < 0.0) U[0,2100.0] (x > 0.0)",EagerQualitative,Incremental,online,20000,50,0.053831049160507974,0.0003762373753228767,2.6915524580253986e-06,1.8811868766143836e-08,2.6915524580253987,0.018811868766143835,2100.0
5,"(x < 0.0) U[0,2200.0] (x > 0.0)",EagerQualitative,Incremental,online,20000,50,0.056287589140411,0.0007960386482772727,2.81437945702055e-06,3.980193241386363e-08,2.81437945702055,0.039801932413863636,2200.0
5,"(x < 0.0) U[0,2300.0] (x > 0.0)",EagerQualitative,Incremental,online,20000,50,0.058471961660834494,0.0004489829110970406,2.9235980830417246e-06,2.244914555485203e-08,2.9235980830417247,0.02244914555485203,2300.0
5,"(x < 0.0) U[0,2400.0] (x > 0.0)",EagerQualitative,Incremental,online,20000,50,0.06036830588040175,0.000519802874183063,3.0184152940200874e-06,2.599014370915315e-08,3.0184152940200875,0.025990143709153153,2400.0
5,"(x < 0.0) U[0,2500.0] (x > 0.0)",EagerQualitative,Incremental,online,20000,50,0.06209231917920988,0.00044293666431055497,3.1046159589604942e-06,2.2146833215527748e-08,3.104615958960494,0.02214683321552775,2500.0
5,"(x < 0.0) U[0,2600.0] (x > 0.0)",EagerQualitative,Incremental,online,20000,50,0.06486293331865454,0.0005303312227570709,3.2431466659327274e-06,2.6516561137853544e-08,3.2431466659327275,0.026516561137853546,2600.0
5,"(x < 0.0) U[0,2700.0] (x > 0.0)",EagerQualitative,Incremental,online,20000,50,0.06718582589935977,0.0005618166047195188,3.3592912949679886e-06,2.8090830235975943e-08,3.3592912949679885,0.028090830235975944,2700.0
5,"(x < 0.0) U[0,2800.0] (x > 0.0)",EagerQualitative,Incremental,online,20000,50,0.06882423750008457,0.00041165748232343326,3.4412118750042286e-06,2.0582874116171663e-08,3.4412118750042286,0.020582874116171664,2800.0
5,"(x < 0.0) U[0,2900.0] (x > 0.0)",EagerQualitative,Incremental,online,20000,50,0.07147302491939626,0.0006840535593394723,3.573651245969813e-06,3.420267796697362e-08,3.5736512459698133,0.03420267796697362,2900.0
5,"(x < 0.0) U[0,3000.0] (x > 0.0)",EagerQualitative,Incremental,online,20000,50,0.07373439165879972,0.00054328447652005,3.686719582939986e-06,2.7164223826002498e-08,3.6867195829399857,0.027164223826002497,3000.0
5,"(x < 0.0) U[0,3100.0] (x > 0.0)",EagerQualitative,Incremental,online,20000,50,0.07502056077995803,0.0005203126065058183,3.7510280389979014e-06,2.6015630325290917e-08,3.7510280389979016,0.026015630325290917,3100.0
5,"(x < 0.0) U[0,3200.0] (x > 0.0)",EagerQualitative,Incremental,online,20000,50,0.07784619329933776,0.000993171571872688,3.8923096649668876e-06,4.9658578593634405e-08,3.892309664966888,0.04965857859363441,3200.0
5,"(x < 0.0) U[0,3300.0] (x > 0.0)",EagerQualitative,Incremental,online,20000,50,0.08072132164030336,0.0013274087499849292,4.0360660820151684e-06,6.637043749924646e-08,4.036066082015169,0.06637043749924647,3300.0
5,"(x < 0.0) U[0,3400.0] (x > 0.0)",EagerQualitative,Incremental,online,20000,50,0.08083664998004679,0.0008424535697987457,4.04183249900234e-06,4.2122678489937286e-08,4.041832499002339,0.04212267848993729,3400.0
5,"(x < 0.0) U[0,3500.0] (x > 0.0)",EagerQualitative,Incremental,online,20000,50,0.0838783908210462,0.0005624587021283548,4.19391954105231e-06,2.8122935106417738e-08,4.19391954105231,0.028122935106417737,3500.0
5,"(x < 0.0) U[0,3600.0] (x > 0.0)",EagerQualitative,Incremental,online,20000,50,0.08421074580110144,0.0006122022111136742,4.210537290055072e-06,3.061011055568371e-08,4.210537290055072,0.030610110555683714,3600.0
5,"(x < 0.0) U[0,3700.0] (x > 0.0)",EagerQualitative,Incremental,online,20000,50,0.08676875751814805,0.0008300423699463364,4.338437875907403e-06,4.150211849731682e-08,4.3384378759074025,0.041502118497316824,3700.0
5,"(x < 0.0) U[0,3800.0] (x > 0.0)",EagerQualitative,Incremental,online,20000,50,0.08823869082087185,0.0008493198419444381,4.4119345410435924e-06,4.24659920972219e-08,4.411934541043593,0.0424659920972219,3800.0
5,"(x < 0.0) U[0,3900.0] (x > 0.0)",EagerQualitative,Incremental,online,20000,50,0.08960754166037077,0.0006683420845609757,4.4803770830185385e-06,3.3417104228048786e-08,4.4803770830185385,0.033417104228048784,3900.0
5,"(x < 0.0) U[0,4000.0] (x > 0.0)",EagerQualitative,Incremental,online,20000,50,0.09222937508078757,0.0007282595906947158,4.611468754039378e-06,3.641297953473579e-08,4.611468754039378,0.03641297953473579,4000.0
5,"(x < 0.0) U[0,4100.0] (x > 0.0)",EagerQualitative,Incremental,online,20000,50,0.09718680249876342,0.013815612988774633,4.859340124938171e-06,6.907806494387316e-07,4.8593401249381705,0.6907806494387316,4100.0
5,"(x < 0.0) U[0,4200.0] (x > 0.0)",EagerQualitative,Incremental,online,20000,50,0.11533823920151917,0.025247452328658382,5.7669119600759585e-06,1.2623726164329191e-06,5.766911960075959,1.2623726164329192,4200.0
5,"(x < 0.0) U[0,4300.0] (x > 0.0)",EagerQualitative,Incremental,online,20000,50,0.10105651910067535,0.014093429837819586,5.052825955033767e-06,7.046714918909793e-07,5.052825955033767,0.7046714918909792,4300.0
5,"(x < 0.0) U[0,4400.0] (x > 0.0)",EagerQualitative,Incremental,online,20000,50,0.11540087160217809,0.025911425455288333,5.770043580108905e-06,1.2955712727644166e-06,5.770043580108904,1.2955712727644166,4400.0
5,"(x < 0.0) U[0,4500.0] (x > 0.0)",EagerQualitative,Incremental,online,20000,50,0.10622626493917778,0.016763474369073054,5.311313246958889e-06,8.381737184536527e-07,5.311313246958889,0.8381737184536526,4500.0
5,"(x < 0.0) U[0,4600.0] (x > 0.0)",EagerQualitative,Incremental,online,20000,50,0.11922463081951719,0.02544018282453566,5.961231540975859e-06,1.272009141226783e-06,5.961231540975859,1.2720091412267829,4600.0
5,"(x < 0.0) U[0,4700.0] (x > 0.0)",EagerQualitative,Incremental,online,20000,50,0.11189217903884127,0.019648109484836907,5.594608951942064e-06,9.824054742418453e-07,5.594608951942064,0.9824054742418453,4700.0
5,"(x < 0.0) U[0,4800.0] (x > 0.0)",EagerQualitative,Incremental,online,20000,50,0.11806710254022619,0.022024628530239482,5.903355127011309e-06,1.101231426511974e-06,5.903355127011309,1.101231426511974,4800.0
5,"(x < 0.0) U[0,4900.0] (x > 0.0)",EagerQualitative,Incremental,online,20000,50,0.11867972349893535,0.022662304727104607,5.933986174946768e-06,1.1331152363552304e-06,5.933986174946768,1.1331152363552304,4900.0
5,"(x < 0.0) U[0,5000.0] (x > 0.0)",EagerQualitative,Incremental,online,20000,50,0.12100920253869844,0.024508317460522157,6.050460126934922e-06,1.225415873026108e-06,6.050460126934922,1.225415873026108,5000.0
6,"G[0,1.0] (x > 0.0)",EagerQualitative,Incremental,online,20000,50,0.004806250818946864,9.586902437319392e-05,2.403125409473432e-07,4.793451218659696e-09,0.24031254094734322,0.004793451218659696,1.0
6,"G[0,100.0] (x > 0.0)",EagerQualitative,Incremental,online,20000,50,0.004939004119951278,9.665936179468701e-05,2.469502059975639e-07,4.83296808973435e-09,0.2469502059975639,0.00483296808973435,100.0
6,"G[0,200.0] (x > 0.0)",EagerQualitative,Incremental,online,20000,50,0.004796974958735518,0.00012801104847905278,2.398487479367759e-07,6.400552423952639e-09,0.2398487479367759,0.006400552423952639,200.0
6,"G[0,300.0] (x > 0.0)",EagerQualitative,Incremental,online,20000,50,0.0047565950601710935,9.958508033969638e-05,2.3782975300855467e-07,4.979254016984819e-09,0.23782975300855466,0.004979254016984819,300.0
6,"G[0,400.0] (x > 0.0)",EagerQualitative,Incremental,online,20000,50,0.004758575040032156,0.00010756830011459183,2.379287520016078e-07,5.378415005729592e-09,0.2379287520016078,0.005378415005729591,400.0
6,"G[0,500.0] (x > 0.0)",EagerQualitative,Incremental,online,20000,50,0.004687650919368025,9.774613042635951e-05,2.3438254596840126e-07,4.887306521317976e-09,0.23438254596840127,0.004887306521317976,500.0
6,"G[0,600.0] (x > 0.0)",EagerQualitative,Incremental,online,20000,50,0.004857299099385272,0.00014057207748444507,2.4286495496926363e-07,7.028603874222254e-09,0.24286495496926364,0.007028603874222254,600.0
6,"G[0,700.0] (x > 0.0)",EagerQualitative,Incremental,online,20000,50,0.0049602308604517024,9.625804698177523e-05,2.480115430225851e-07,4.8129023490887614e-09,0.24801154302258513,0.004812902349088761,700.0
6,"G[0,800.0] (x > 0.0)",EagerQualitative,Incremental,online,20000,50,0.004951289220480248,8.454425724244651e-05,2.475644610240124e-07,4.227212862122326e-09,0.2475644610240124,0.004227212862122326,800.0
6,"G[0,900.0] (x > 0.0)",EagerQualitative,Incremental,online,20000,50,0.004965126640745439,0.00012077457399046787,2.4825633203727195e-07,6.038728699523393e-09,0.24825633203727196,0.006038728699523393,900.0
6,"G[0,1000.0] (x > 0.0)",EagerQualitative,Incremental,online,20000,50,0.004972757559735328,0.00010508322511406568,2.486378779867664e-07,5.254161255703284e-09,0.2486378779867664,0.005254161255703284,1000.0
6,"G[0,1100.0] (x > 0.0)",EagerQualitative,Incremental,online,20000,50,0.004931252519018017,8.887702469175446e-05,2.4656262595090084e-07,4.443851234587723e-09,0.24656262595090084,0.004443851234587723,1100.0
6,"G[0,1200.0] (x > 0.0)",EagerQualitative,Incremental,online,20000,50,0.004976809899962973,0.00010924263050388182,2.4884049499814864e-07,5.462131525194091e-09,0.24884049499814864,0.005462131525194091,1200.0
6,"G[0,1300.0] (x > 0.0)",EagerQualitative,Incremental,online,20000,50,0.004949531659949571,8.65058726825945e-05,2.474765829974785e-07,4.325293634129725e-09,0.24747658299747852,0.004325293634129725,1300.0
6,"G[0,1400.0] (x > 0.0)",EagerQualitative,Incremental,online,20000,50,0.004942239980446175,0.00010433610648681595,2.471119990223087e-07,5.2168053243407975e-09,0.2471119990223087,0.005216805324340798,1400.0
6,"G[0,1500.0] (x > 0.0)",EagerQualitative,Incremental,online,20000,50,0.004964385100756772,9.118851224789117e-05,2.482192550378386e-07,4.559425612394558e-09,0.2482192550378386,0.0045594256123945584,1500.0
6,"G[0,1600.0] (x > 0.0)",EagerQualitative,Incremental,online,20000,50,0.004932360019884072,9.763147671708638e-05,2.466180009942036e-07,4.881573835854319e-09,0.2466180009942036,0.004881573835854319,1600.0
6,"G[0,1700.0] (x > 0.0)",EagerQualitative,Incremental,online,20000,50,0.004964803220354952,9.29531170524646e-05,2.4824016101774757e-07,4.6476558526232296e-09,0.24824016101774757,0.0046476558526232295,1700.0
6,"G[0,1800.0] (x > 0.0)",EagerQualitative,Incremental,online,20000,50,0.004932868298783433,9.850963729581798e-05,2.4664341493917164e-07,4.925481864790899e-09,0.24664341493917163,0.004925481864790899,1800.0
6,"G[0,1900.0] (x > 0.0)",EagerQualitative,Incremental,online,20000,50,0.00498201251932187,9.423908532763319e-05,2.491006259660935e-07,4.711954266381659e-09,0.2491006259660935,0.004711954266381659,1900.0
6,"G[0,2000.0] (x > 0.0)",EagerQualitative,Incremental,online,20000,50,0.004937542580300942,0.00010516578883010895,2.4687712901504713e-07,5.258289441505448e-09,0.24687712901504713,0.005258289441505448,2000.0
6,"G[0,2100.0] (x > 0.0)",EagerQualitative,Incremental,online,20000,50,0.004926285760884639,8.016304633067507e-05,2.4631428804423193e-07,4.008152316533753e-09,0.24631428804423194,0.004008152316533753,2100.0
6,"G[0,2200.0] (x > 0.0)",EagerQualitative,Incremental,online,20000,50,0.004941764179384336,0.00010759598174028794,2.470882089692168e-07,5.379799087014397e-09,0.2470882089692168,0.005379799087014398,2200.0
6,"G[0,2300.0] (x > 0.0)",EagerQualitative,Incremental,online,20000,50,0.004938795060152188,0.00010380238560705976,2.469397530076094e-07,5.190119280352988e-09,0.2469397530076094,0.005190119280352987,2300.0
6,"G[0,2400.0] (x > 0.0)",EagerQualitative,Incremental,online,20000,50,0.004941780060180463,0.00011298517555976503,2.4708900300902313e-07,5.649258777988251e-09,0.24708900300902314,0.005649258777988251,2400.0
6,"G[0,2500.0] (x > 0.0)",EagerQualitative,Incremental,online,20000,50,0.004946812439593487,8.991461157393884e-05,2.4734062197967436e-07,4.495730578696942e-09,0.24734062197967435,0.004495730578696942,2500.0
6,"G[0,2600.0] (x > 0.0)",EagerQualitative,Incremental,online,20000,50,0.0049102540995227175,9.640329611908951e-05,2.4551270497613585e-07,4.820164805954475e-09,0.24551270497613584,0.004820164805954475,2600.0
6,"G[0,2700.0] (x > 0.0)",EagerQualitative,Incremental,online,20000,50,0.00488504916022066,0.00015400542194662396,2.4425245801103303e-07,7.700271097331198e-09,0.24425245801103304,0.007700271097331198,2700.0
6,"G[0,2800.0] (x > 0.0)",EagerQualitative,Incremental,online,20000,50,0.004574472481326666,8.774698794477125e-05,2.2872362406633328e-07,4.387349397238562e-09,0.2287236240663333,0.004387349397238562,2800.0
6,"G[0,2900.0] (x > 0.0)",EagerQualitative,Incremental,online,20000,50,0.004755731780314818,8.652603754369557e-05,2.377865890157409e-07,4.326301877184778e-09,0.2377865890157409,0.004326301877184778,2900.0
6,"G[0,3000.0] (x > 0.0)",EagerQualitative,Incremental,online,20000,50,0.0046109357790555805,8.1822553219551e-05,2.3054678895277903e-07,4.09112766097755e-09,0.23054678895277902,0.0040911276609775496,3000.0
6,"G[0,3100.0] (x > 0.0)",EagerQualitative,Incremental,online,20000,50,0.004777189219312277,8.40399470995565e-05,2.3885946096561386e-07,4.201997354977825e-09,0.23885946096561386,0.004201997354977825,3100.0
6,"G[0,3200.0] (x > 0.0)",EagerQualitative,Incremental,online,20000,50,0.004648823280294891,0.00011811793268352013,2.3244116401474456e-07,5.905896634176007e-09,0.23244116401474457,0.005905896634176007,3200.0
6,"G[0,3300.0] (x > 0.0)",EagerQualitative,Incremental,online,20000,50,0.004622729220427573,8.443687095922651e-05,2.3113646102137865e-07,4.221843547961325e-09,0.23113646102137866,0.004221843547961325,3300.0
6,"G[0,3400.0] (x > 0.0)",EagerQualitative,Incremental,online,20000,50,0.004746907480293885,9.398825431883167e-05,2.3734537401469427e-07,4.699412715941583e-09,0.23734537401469427,0.004699412715941583,3400.0
6,"G[0,3500.0] (x > 0.0)",EagerQualitative,Incremental,online,20000,50,0.00465846830047667,0.00010649445194334196,2.3292341502383352e-07,5.324722597167098e-09,0.2329234150238335,0.005324722597167098,3500.0
6,"G[0,3600.0] (x > 0.0)",EagerQualitative,Incremental,online,20000,50,0.004723749078984838,0.00010418295338664758,2.361874539492419e-07,5.209147669332379e-09,0.2361874539492419,0.005209147669332379,3600.0
6,"G[0,3700.0] (x > 0.0)",EagerQualitative,Incremental,online,20000,50,0.004612542461254634,0.00011023018931046064,2.306271230627317e-07,5.511509465523032e-09,0.2306271230627317,0.005511509465523032,3700.0
6,"G[0,3800.0] (x > 0.0)",EagerQualitative,Incremental,online,20000,50,0.004733621720224619,7.283489256075339e-05,2.3668108601123096e-07,3.6417446280376695e-09,0.23668108601123097,0.0036417446280376693,3800.0
6,"G[0,3900.0] (x > 0.0)",EagerQualitative,Incremental,online,20000,50,0.0047436717007076365,9.74267668099918e-05,2.3718358503538183e-07,4.8713383404995905e-09,0.23718358503538184,0.0048713383404995906,3900.0
6,"G[0,4000.0] (x > 0.0)",EagerQualitative,Incremental,online,20000,50,0.004678724980913103,0.00011938040727190586,2.3393624904565514e-07,5.969020363595293e-09,0.23393624904565513,0.005969020363595293,4000.0
6,"G[0,4100.0] (x > 0.0)",EagerQualitative,Incremental,online,20000,50,0.004647335778572597,8.227212956468602e-05,2.3236678892862983e-07,4.113606478234301e-09,0.23236678892862983,0.004113606478234302,4100.0
6,"G[0,4200.0] (x > 0.0)",EagerQualitative,Incremental,online,20000,50,0.004678041720762849,0.00014312917070599034,2.3390208603814244e-07,7.156458535299517e-09,0.23390208603814244,0.007156458535299517,4200.0
6,"G[0,4300.0] (x > 0.0)",EagerQualitative,Incremental,online,20000,50,0.004723186680639629,7.003069507485705e-05,2.3615933403198143e-07,3.5015347537428528e-09,0.23615933403198144,0.0035015347537428526,4300.0
6,"G[0,4400.0] (x > 0.0)",EagerQualitative,Incremental,online,20000,50,0.00457782492012484,9.53428234512125e-05,2.2889124600624202e-07,4.767141172560625e-09,0.22889124600624203,0.004767141172560625,4400.0
6,"G[0,4500.0] (x > 0.0)",EagerQualitative,Incremental,online,20000,50,0.004746825719194021,8.747741225626523e-05,2.3734128595970104e-07,4.373870612813262e-09,0.23734128595970105,0.004373870612813262,4500.0
6,"G[0,4600.0] (x > 0.0)",EagerQualitative,Incremental,online,20000,50,0.0046398916596081105,9.415487172233187e-05,2.319945829804055e-07,4.707743586116593e-09,0.2319945829804055,0.004707743586116593,4600.0
6,"G[0,4700.0] (x > 0.0)",EagerQualitative,Incremental,online,20000,50,0.004581852580595296,8.384013828088622e-05,2.290926290297648e-07,4.192006914044311e-09,0.2290926290297648,0.004192006914044311,4700.0
6,"G[0,4800.0] (x > 0.0)",EagerQualitative,Incremental,online,20000,50,0.004661480019567534,9.082427231058682e-05,2.3307400097837672e-07,4.541213615529341e-09,0.23307400097837672,0.004541213615529341,4800.0
6,"G[0,4900.0] (x > 0.0)",EagerQualitative,Incremental,online,20000,50,0.004729310818656813,7.857329553103144e-05,2.3646554093284063e-07,3.928664776551572e-09,0.23646554093284064,0.003928664776551572,4900.0
6,"G[0,5000.0] (x > 0.0)",EagerQualitative,Incremental,online,20000,50,0.0048444308596663176,0.00012227989431447627,2.422215429833159e-07,6.1139947157238135e-09,0.24222154298331589,0.006113994715723814,5000.0
7,"F[0,1.0] (x > 0.0)",EagerQualitative,Incremental,online,20000,50,0.005274564199498855,9.384746562144965e-05,2.637282099749427e-07,4.692373281072483e-09,0.26372820997494273,0.004692373281072483,1.0
7,"F[0,100.0] (x > 0.0)",EagerQualitative,Incremental,online,20000,50,0.0051545492009609,7.836440222422346e-05,2.57727460048045e-07,3.918220111211173e-09,0.257727460048045,0.003918220111211173,100.0
7,"F[0,200.0] (x > 0.0)",EagerQualitative,Incremental,online,20000,50,0.005078854119637981,9.950438843438322e-05,2.5394270598189904e-07,4.975219421719161e-09,0.25394270598189905,0.004975219421719161,200.0
7,"F[0,300.0] (x > 0.0)",EagerQualitative,Incremental,online,20000,50,0.005063720038742758,9.815343723879458e-05,2.531860019371379e-07,4.907671861939729e-09,0.25318600193713786,0.0049076718619397285,300.0
7,"F[0,400.0] (x > 0.0)",EagerQualitative,Incremental,online,20000,50,0.005070600880717393,9.789362933040596e-05,2.5353004403586964e-07,4.8946814665202985e-09,0.25353004403586965,0.004894681466520299,400.0
7,"F[0,500.0] (x > 0.0)",EagerQualitative,Incremental,online,20000,50,0.0050181925002834755,7.617178785071755e-05,2.509096250141738e-07,3.808589392535878e-09,0.2509096250141738,0.003808589392535878,500.0
7,"F[0,600.0] (x > 0.0)",EagerQualitative,Incremental,online,20000,50,0.005109759282495361,9.023819773940109e-05,2.5548796412476805e-07,4.5119098869700545e-09,0.25548796412476804,0.004511909886970054,600.0
7,"F[0,700.0] (x > 0.0)",EagerQualitative,Incremental,online,20000,50,0.005026253339601681,7.812776977289459e-05,2.51312666980084e-07,3.906388488644729e-09,0.25131266698008403,0.003906388488644729,700.0
7,"F[0,800.0] (x > 0.0)",EagerQualitative,Incremental,online,20000,50,0.005053445778321475,8.123462508026048e-05,2.5267228891607374e-07,4.0617312540130235e-09,0.25267228891607374,0.004061731254013023,800.0
7,"F[0,900.0] (x > 0.0)",EagerQualitative,Incremental,online,20000,50,0.00505436080013169,9.131029765745773e-05,2.527180400065845e-07,4.5655148828728865e-09,0.2527180400065845,0.0045655148828728865,900.0
7,"F[0,1000.0] (x > 0.0)",EagerQualitative,Incremental,online,20000,50,0.004992884300008882,0.00010239332888138225,2.496442150004441e-07,5.119666444069113e-09,0.2496442150004441,0.005119666444069112,1000.0
7,"F[0,1100.0] (x > 0.0)",EagerQualitative,Incremental,online,20000,50,0.005044469998683781,0.00011093698210631984,2.5222349993418904e-07,5.546849105315992e-09,0.252223499934189,0.005546849105315992,1100.0
7,"F[0,1200.0] (x > 0.0)",EagerQualitative,Incremental,online,20000,50,0.005004884939990006,8.194917232558942e-05,2.502442469995003e-07,4.097458616279471e-09,0.2502442469995003,0.004097458616279471,1200.0
7,"F[0,1300.0] (x > 0.0)",EagerQualitative,Incremental,online,20000,50,0.005034838320862036,9.984564508355485e-05,2.517419160431018e-07,4.992282254177743e-09,0.2517419160431018,0.004992282254177743,1300.0
7,"F[0,1400.0] (x > 0.0)",EagerQualitative,Incremental,online,20000,50,0.005041935740737244,0.00010794322807488602,2.520967870368622e-07,5.397161403744301e-09,0.2520967870368622,0.005397161403744301,1400.0
7,"F[0,1500.0] (x > 0.0)",EagerQualitative,Incremental,online,20000,50,0.00501427585928468,9.576380382782095e-05,2.5071379296423403e-07,4.788190191391047e-09,0.250713792964234,0.0047881901913910474,1500.0
7,"F[0,1600.0] (x > 0.0)",EagerQualitative,Incremental,online,20000,50,0.005053518218628597,0.0001085854437034643,2.526759109314298e-07,5.429272185173215e-09,0.2526759109314298,0.005429272185173215,1600.0
7,"F[0,1700.0] (x > 0.0)",EagerQualitative,Incremental,online,20000,50,0.004997957520536147,9.316492511669251e-05,2.498978760268074e-07,4.658246255834625e-09,0.24989787602680738,0.004658246255834626,1700.0
7,"F[0,1800.0] (x > 0.0)",EagerQualitative,Incremental,online,20000,50,0.005055551698023919,9.337618477149588e-05,2.52777584901196e-07,4.668809238574794e-09,0.252777584901196,0.004668809238574794,1800.0
7,"F[0,1900.0] (x > 0.0)",EagerQualitative,Incremental,online,20000,50,0.005021273361344356,8.47555677421623e-05,2.510636680672178e-07,4.237778387108115e-09,0.2510636680672178,0.004237778387108115,1900.0
7,"F[0,2000.0] (x > 0.0)",EagerQualitative,Incremental,online,20000,50,0.004788243339862675,8.504270804749527e-05,2.394121669931337e-07,4.2521354023747635e-09,0.2394121669931337,0.0042521354023747635,2000.0
7,"F[0,2100.0] (x > 0.0)",EagerQualitative,Incremental,online,20000,50,0.004722524998360313,0.00013568332609590803,2.3612624991801567e-07,6.7841663047954016e-09,0.23612624991801567,0.006784166304795402,2100.0
7,"F[0,2200.0] (x > 0.0)",EagerQualitative,Incremental,online,20000,50,0.004703570021083578,6.985172745800846e-05,2.351785010541789e-07,3.4925863729004228e-09,0.2351785010541789,0.003492586372900423,2200.0
7,"F[0,2300.0] (x > 0.0)",EagerQualitative,Incremental,online,20000,50,0.004778079999086912,0.0001254096809390836,2.389039999543456e-07,6.27048404695418e-09,0.2389039999543456,0.00627048404695418,2300.0
7,"F[0,2400.0] (x > 0.0)",EagerQualitative,Incremental,online,20000,50,0.004770025059115141,0.00011527284853735441,2.3850125295575705e-07,5.763642426867721e-09,0.23850125295575705,0.005763642426867721,2400.0
7,"F[0,2500.0] (x > 0.0)",EagerQualitative,Incremental,online,20000,50,0.004705293301376514,0.00012759586083135193,2.352646650688257e-07,6.379793041567597e-09,0.2352646650688257,0.0063797930415675965,2500.0
7,"F[0,2600.0] (x > 0.0)",EagerQualitative,Incremental,online,20000,50,0.004836918400251307,7.320952489318672e-05,2.4184592001256534e-07,3.660476244659336e-09,0.24184592001256536,0.003660476244659336,2600.0
7,"F[0,2700.0] (x > 0.0)",EagerQualitative,Incremental,online,20000,50,0.004677797520125751,9.714425016111307e-05,2.3388987600628754e-07,4.857212508055654e-09,0.23388987600628755,0.004857212508055654,2700.0
7,"F[0,2800.0] (x > 0.0)",EagerQualitative,Incremental,online,20000,50,0.0048200807406101375,8.113504757631175e-05,2.410040370305069e-07,4.056752378815588e-09,0.24100403703050688,0.004056752378815588,2800.0
7,"F[0,2900.0] (x > 0.0)",EagerQualitative,Incremental,online,20000,50,0.004667455779854208,9.786540479114261e-05,2.3337278899271042e-07,4.893270239557131e-09,0.2333727889927104,0.004893270239557131,2900.0
7,"F[0,3000.0] (x > 0.0)",EagerQualitative,Incremental,online,20000,50,0.004750788399542216,0.00013037467934791974,2.375394199771108e-07,6.518733967395987e-09,0.23753941997711078,0.006518733967395987,3000.0
7,"F[0,3100.0] (x > 0.0)",EagerQualitative,Incremental,online,20000,50,0.004777206680737436,9.505729712277336e-05,2.388603340368718e-07,4.752864856138668e-09,0.23886033403687182,0.0047528648561386685,3100.0
7,"F[0,3200.0] (x > 0.0)",EagerQualitative,Incremental,online,20000,50,0.004661724059260451,8.87988300275421e-05,2.3308620296302253e-07,4.439941501377105e-09,0.23308620296302254,0.004439941501377105,3200.0
7,"F[0,3300.0] (x > 0.0)",EagerQualitative,Incremental,online,20000,50,0.004821584939782042,7.590497152065608e-05,2.4107924698910213e-07,3.795248576032804e-09,0.24107924698910213,0.003795248576032804,3300.0
7,"F[0,3400.0] (x > 0.0)",EagerQualitative,Incremental,online,20000,50,0.004676084198872559,9.033881145919698e-05,2.3380420994362793e-07,4.516940572959849e-09,0.23380420994362794,0.0045169405729598485,3400.0
7,"F[0,3500.0] (x > 0.0)",EagerQualitative,Incremental,online,20000,50,0.004820135100162588,8.449084660182677e-05,2.410067550081294e-07,4.224542330091339e-09,0.2410067550081294,0.004224542330091338,3500.0
7,"F[0,3600.0] (x > 0.0)",EagerQualitative,Incremental,online,20000,50,0.004717529141635169,0.00013436861966052894,2.3587645708175843e-07,6.718430983026447e-09,0.23587645708175842,0.006718430983026447,3600.0
7,"F[0,3700.0] (x > 0.0)",EagerQualitative,Incremental,online,20000,50,0.0047829374801949594,0.0001181257135345853,2.39146874009748e-07,5.906285676729265e-09,0.239146874009748,0.0059062856767292645,3700.0
7,"F[0,3800.0] (x > 0.0)",EagerQualitative,Incremental,online,20000,50,0.0046870024802046825,0.00011332637424343502,2.3435012401023412e-07,5.666318712171751e-09,0.2343501240102341,0.005666318712171751,3800.0
7,"F[0,3900.0] (x > 0.0)",EagerQualitative,Incremental,online,20000,50,0.004722068319970276,9.640395753601565e-05,2.361034159985138e-07,4.820197876800782e-09,0.2361034159985138,0.004820197876800782,3900.0
7,"F[0,4000.0] (x > 0.0)",EagerQualitative,Incremental,online,20000,50,0.004720031640026719,0.00014192821931815772,2.3600158200133592e-07,7.0964109659078865e-09,0.23600158200133592,0.007096410965907887,4000.0
7,"F[0,4100.0] (x > 0.0)",EagerQualitative,Incremental,online,20000,50,0.004798736600496341,9.350734339166948e-05,2.39936830024817e-07,4.675367169583474e-09,0.239936830024817,0.004675367169583474,4100.0
7,"F[0,4200.0] (x > 0.0)",EagerQualitative,Incremental,online,20000,50,0.0048983691984904,0.0001549599980558051,2.4491845992452e-07,7.747999902790255e-09,0.24491845992452002,0.007747999902790255,4200.0
7,"F[0,4300.0] (x > 0.0)",EagerQualitative,Incremental,online,20000,50,0.004978705860557966,0.0001047953210982888,2.489352930278983e-07,5.2397660549144405e-09,0.24893529302789827,0.00523976605491444,4300.0
7,"F[0,4400.0] (x > 0.0)",EagerQualitative,Incremental,online,20000,50,0.004985472518892493,9.768160118672375e-05,2.492736259446246e-07,4.884080059336187e-09,0.24927362594462463,0.004884080059336188,4400.0
7,"F[0,4500.0] (x > 0.0)",EagerQualitative,Incremental,online,20000,50,0.004978546679776628,8.716877798276537e-05,2.489273339888314e-07,4.358438899138268e-09,0.2489273339888314,0.004358438899138268,4500.0
7,"F[0,4600.0] (x > 0.0)",EagerQualitative,Incremental,online,20000,50,0.005033198279270437,0.00010328367289125755,2.516599139635218e-07,5.164183644562877e-09,0.25165991396352183,0.005164183644562877,4600.0
7,"F[0,4700.0] (x > 0.0)",EagerQualitative,Incremental,online,20000,50,0.004987705021339934,8.645046343982978e-05,2.493852510669967e-07,4.322523171991489e-09,0.24938525106699672,0.00432252317199149,4700.0
7,"F[0,4800.0] (x > 0.0)",EagerQualitative,Incremental,online,20000,50,0.005012657460465562,0.00011131781035550532,2.5063287302327806e-07,5.565890517775266e-09,0.2506328730232781,0.005565890517775266,4800.0
7,"F[0,4900.0] (x > 0.0)",EagerQualitative,Incremental,online,20000,50,0.005003189140115865,0.00010444116750315331,2.5015945700579323e-07,5.222058375157666e-09,0.25015945700579323,0.005222058375157666,4900.0
7,"F[0,5000.0] (x > 0.0)",EagerQualitative,Incremental,online,20000,50,0.004964070798014291,9.764337668622629e-05,2.4820353990071455e-07,4.882168834311315e-09,0.24820353990071456,0.004882168834311315,5000.0
1,(x < 0.5) and (x > -0.5),Rosi,Incremental,online,20000,50,0.005183352461317554,0.00012183929847157914,2.591676230658777e-07,6.091964923578957e-09,0.2591676230658777,0.006091964923578956,0.0
2,"G[0,1000] (x > 0.5 -> F[0,100] (x < 0.0))",Rosi,Incremental,online,20000,50,9.556259411660722,0.1848940670031239,0.00047781297058303613,9.244703350156195e-06,477.81297058303613,9.244703350156195,1100.0
3,"(x < 0.5) U[0,1000] (x < 0.0)",Rosi,Incremental,online,20000,50,49.10279152257921,0.4312786753768191,0.0024551395761289604,2.1563933768840953e-05,2455.1395761289605,21.563933768840954,1000.0
4,"(G[0,100] (x < 0.5)) or (G[100,150] (x > 0.0))",Rosi,Incremental,online,20000,50,0.25398756836075337,0.0017284189546809404,1.2699378418037669e-05,8.642094773404702e-08,12.699378418037668,0.08642094773404702,150.0
5,"(x < 0.0) U[0,1.0] (x > 0.0)",Rosi,Incremental,online,20000,50,0.007779190841247328,0.00012107925271503017,3.889595420623664e-07,6.053962635751508e-09,0.3889595420623664,0.006053962635751508,1.0
5,"(x < 0.0) U[0,100.0] (x > 0.0)",Rosi,Incremental,online,20000,50,0.7327906083597918,0.006623376870318594,3.663953041798959e-05,3.3116884351592973e-07,36.63953041798959,0.33116884351592973,100.0
5,"(x < 0.0) U[0,200.0] (x > 0.0)",Rosi,Incremental,online,20000,50,2.1699249416592647,0.013873267203574364,0.00010849624708296323,6.936633601787182e-07,108.49624708296324,0.6936633601787182,200.0
5,"(x < 0.0) U[0,300.0] (x > 0.0)",Rosi,Incremental,online,20000,50,4.319299724100856,0.022318922777602685,0.00021596498620504278,1.1159461388801342e-06,215.96498620504278,1.1159461388801342,300.0
5,"(x < 0.0) U[0,400.0] (x > 0.0)",Rosi,Incremental,online,20000,50,7.055549202439142,0.047658393990320944,0.0003527774601219571,2.3829196995160473e-06,352.7774601219571,2.382919699516047,400.0
5,"(x < 0.0) U[0,500.0] (x > 0.0)",Rosi,Incremental,online,20000,50,10.516907444159733,0.07854147547372455,0.0005258453722079866,3.927073773686228e-06,525.8453722079865,3.9270737736862276,500.0
5,"(x < 0.0) U[0,600.0] (x > 0.0)",Rosi,Incremental,online,20000,50,15.480156580900365,0.07068209891627202,0.0007740078290450182,3.5341049458136008e-06,774.0078290450183,3.534104945813601,600.0
5,"(x < 0.0) U[0,700.0] (x > 0.0)",Rosi,Incremental,online,20000,50,21.170194956778722,0.20058405674269394,0.0010585097478389362,1.0029202837134697e-05,1058.5097478389362,10.029202837134697,700.0
5,"(x < 0.0) U[0,800.0] (x > 0.0)",Rosi,Incremental,online,20000,50,29.040680155819572,0.29562639757638937,0.0014520340077909786,1.4781319878819469e-05,1452.0340077909786,14.781319878819469,800.0
5,"(x < 0.0) U[0,900.0] (x > 0.0)",Rosi,Incremental,online,20000,50,38.65387222657941,0.2250781175444846,0.0019326936113289704,1.125390587722423e-05,1932.6936113289703,11.25390587722423,900.0
5,"(x < 0.0) U[0,1000.0] (x > 0.0)",Rosi,Incremental,online,20000,50,49.03387127423979,0.3902274390344501,0.00245169356371199,1.9511371951722504e-05,2451.69356371199,19.511371951722506,1000.0
6,"G[0,1.0] (x > 0.0)",Rosi,Incremental,online,20000,50,0.0051368459002696905,0.00016153234594556873,2.5684229501348453e-07,8.076617297278436e-09,0.25684229501348455,0.008076617297278436,1.0
6,"G[0,100.0] (x > 0.0)",Rosi,Incremental,online,20000,50,0.060796234160952735,0.0008056936668615973,3.039811708047637e-06,4.0284683343079864e-08,3.039811708047637,0.040284683343079865,100.0
6,"G[0,200.0] (x > 0.0)",Rosi,Incremental,online,20000,50,0.14493840167910094,0.0016216551645291321,7.246920083955047e-06,8.108275822645661e-08,7.246920083955047,0.08108275822645661,200.0
6,"G[0,300.0] (x > 0.0)",Rosi,Incremental,online,20000,50,0.24466798923996977,0.002279076114076074,1.2233399461998488e-05,1.1395380570380371e-07,12.233399461998488,0.11395380570380371,300.0
6,"G[0,400.0] (x > 0.0)",Rosi,Incremental,online,20000,50,0.35325694757921156,0.0038366727794798216,1.7662847378960577e-05,1.9183363897399107e-07,17.662847378960578,0.19183363897399106,400.0
6,"G[0,500.0] (x > 0.0)",Rosi,Incremental,online,20000,50,0.46496641499950786,0.004387446382653701,2.3248320749975393e-05,2.1937231913268504e-07,23.24832074997539,0.21937231913268504,500.0
6,"G[0,600.0] (x > 0.0)",Rosi,Incremental,online,20000,50,0.5904063825192861,0.003884358599007407,2.9520319125964307e-05,1.9421792995037036e-07,29.520319125964306,0.19421792995037038,600.0
6,"G[0,700.0] (x > 0.0)",Rosi,Incremental,online,20000,50,0.7317597433004994,0.008575449367192537,3.658798716502497e-05,4.287724683596269e-07,36.58798716502497,0.4287724683596269,700.0
6,"G[0,800.0] (x > 0.0)",Rosi,Incremental,online,20000,50,0.852590497561614,0.007633314047831279,4.26295248780807e-05,3.81665702391564e-07,42.629524878080694,0.381665702391564,800.0
6,"G[0,900.0] (x > 0.0)",Rosi,Incremental,online,20000,50,0.9734588082996197,0.006058088625880332,4.8672940414980986e-05,3.029044312940166e-07,48.672940414980985,0.3029044312940166,900.0
6,"G[0,1000.0] (x > 0.0)",Rosi,Incremental,online,20000,50,1.0936419026204385,0.0063284844385385,5.4682095131021925e-05,3.16424221926925e-07,54.682095131021924,0.31642422192692504,1000.0
7,"F[0,1.0] (x > 0.0)",Rosi,Incremental,online,20000,50,0.005019950879795942,0.00011455299774573602,2.509975439897971e-07,5.727649887286801e-09,0.2509975439897971,0.005727649887286801,1.0
7,"F[0,100.0] (x > 0.0)",Rosi,Incremental,online,20000,50,0.05608558499865467,0.0008751519598210275,2.804279249932733e-06,4.375759799105137e-08,2.8042792499327334,0.043757597991051375,100.0
7,"F[0,200.0] (x > 0.0)",Rosi,Incremental,online,20000,50,0.13006622760003667,0.0014493610983063664,6.503311380001833e-06,7.246805491531832e-08,6.503311380001834,0.07246805491531831,200.0
7,"F[0,300.0] (x > 0.0)",Rosi,Incremental,online,20000,50,0.2125301824993221,0.0025392901112787428,1.0626509124966105e-05,1.2696450556393715e-07,10.626509124966105,0.12696450556393715,300.0
7,"F[0,400.0] (x > 0.0)",Rosi,Incremental,online,20000,50,0.29916029410233025,0.003609594046772762,1.4958014705116512e-05,1.804797023386381e-07,14.958014705116511,0.1804797023386381,400.0
7,"F[0,500.0] (x > 0.0)",Rosi,Incremental,online,20000,50,0.3872021466589649,0.003926018192786667,1.9360107332948245e-05,1.9630090963933334e-07,19.360107332948246,0.19630090963933333,500.0
7,"F[0,600.0] (x > 0.0)",Rosi,Incremental,online,20000,50,0.4817659315795754,0.0030562761330016485,2.408829657897877e-05,1.5281380665008243e-07,24.08829657897877,0.15281380665008243,600.0
7,"F[0,700.0] (x > 0.0)",Rosi,Incremental,online,20000,50,0.5933042242002557,0.00792036653509591,2.966521121001279e-05,3.960183267547955e-07,29.66521121001279,0.3960183267547955,700.0
7,"F[0,800.0] (x > 0.0)",Rosi,Incremental,online,20000,50,0.6846267608189374,0.005616853577027708,3.423133804094687e-05,2.808426788513854e-07,34.231338040946866,0.2808426788513854,800.0
7,"F[0,900.0] (x > 0.0)",Rosi,Incremental,online,20000,50,0.7745907641993836,0.00816554991972422,3.872953820996918e-05,4.08277495986211e-07,38.72953820996918,0.408277495986211,900.0
7,"F[0,1000.0] (x > 0.0)",Rosi,Incremental,online,20000,50,0.8668185166406329,0.008919636189401635,4.334092583203165e-05,4.4598180947008176e-07,43.340925832031644,0.44598180947008176,1000.0
