t,phase,timestamp_ns,temperature,heater_on,lid_open,max_T,min_T,phi_hi,phi_hi_at,phi_lo,phi_lo_at
1045.596877,normal,1786022331692847000,35.85553676741197,1,0,39.0,36.0,3.421540385997538,1436.053303,2.5727869521805573,1436.053303
1048.60243,normal,1786022334698400000,35.68596989584676,1,0,39.0,36.0,3.421540385997538,1439.058726,2.7237573594152806,1439.058726
1051.60509,normal,1786022337701060000,35.65511771374279,1,0,39.0,36.0,3.421540385997538,1442.055256,2.7518037656717524,1442.055256
1054.608524,normal,1786022340704494000,35.56810332925937,1,0,39.0,36.0,3.400291692843716,1445.061481,2.7518037656717524,1445.061481
1057.612105,normal,1786022343708075000,35.627025016487025,1,0,39.0,36.0,3.400291692843716,1448.062559,2.7755936642517725,1448.062559
1060.621417,normal,1786022346717387000,35.71713888831154,1,0,39.0,36.0,3.3995980545574085,1451.065208,2.7755936642517725,1451.065208
1063.622936,normal,1786022349718906000,35.6853043912841,1,0,39.0,36.0,3.3995980545574085,1454.070623,2.887655537422539,1454.070623
1066.626079,normal,1786022352722049000,35.5808725072834,1,0,39.0,36.0,3.3995980545574085,1457.072298,2.887655537422539,1457.072298
1069.631797,normal,1786022355727767000,35.62910784632802,1,0,39.0,36.0,3.3885667167837568,1460.076338,2.9836135864309057,1460.076338
1072.632049,normal,1786022358728019000,35.7104288915661,1,0,39.0,36.0,3.3885667167837568,1463.080023,3.1813396837931904,1463.080023
1075.635862,normal,1786022361731832000,35.67990155355981,1,0,39.0,36.0,3.3885667167837568,1466.085194,3.4437296716669223,1466.085194
1078.641096,normal,1786022364737066000,35.749669241268265,1,0,39.0,36.0,3.3885667167837568,1469.086789,3.552581554626066,1469.086789
1081.64225,normal,1786022367738220000,35.57845961400246,1,0,39.0,36.0,3.3885667167837568,1472.090151,3.6483212122818145,1472.090151
1084.647439,normal,1786022370743409000,35.63975900758175,1,0,39.0,36.0,3.3885667167837568,1475.089595,3.7005326002657526,1475.089595
1087.657963,normal,1786022373753933000,35.599708307156284,1,0,39.0,36.0,3.3885667167837568,1478.092405,3.885608467718398,1478.092405
1090.657498,normal,1786022376753468000,35.63400241448817,1,0,39.0,36.0,3.3885667167837568,1481.094524,3.885608467718398,1481.094524
1093.656123,normal,1786022379752093000,35.60408055345201,1,0,39.0,36.0,3.3885667167837568,1484.100855,3.885608467718398,1484.100855
1096.661155,normal,1786022382757125000,35.60040194544259,1,0,39.0,36.0,3.3885667167837568,1487.103078,3.885608467718398,1487.103078
1099.665486,normal,1786022385761456000,35.66980630470753,1,0,39.0,36.0,3.3885667167837568,1490.108782,3.885608467718398,1490.108782
1102.671659,normal,1786022388767629000,35.72426105956422,1,0,39.0,36.0,3.3885667167837568,1493.11003,3.885608467718398,1493.11003
1105.683576,normal,1786022391779546000,35.83109311373492,1,0,39.0,36.0,3.3885667167837568,1496.113304,4.112646353856704,1496.113304
1108.67815,normal,1786022394774120000,35.968134759245395,1,0,39.0,36.0,3.3885667167837568,1499.117377,4.112646353856704,1499.117377
1111.688085,normal,1786022397784055000,36.02362077537295,1,0,39.0,36.0,3.30004031409392,1502.120782,4.204981012337839,1502.120782
1114.688906,normal,1786022400784876000,35.930779742823475,1,0,39.0,36.0,3.1686323421949325,1505.125821,4.204981012337839,1505.125821
1117.685812,normal,1786022403781782000,35.955094640084035,1,0,39.0,36.0,3.1068147111347457,1508.130551,4.204981012337839,1508.130551
1120.686275,normal,1786022406782245000,35.83891818744137,1,0,39.0,36.0,3.091836531077803,1511.135343,4.204981012337839,1511.135343
1123.69336,normal,1786022409789330000,35.816771164508495,1,0,39.0,36.0,2.998061074012149,1514.141654,4.204981012337839,1514.141654
1126.697075,normal,1786022412793045000,35.83627337918135,1,0,39.0,36.0,2.998061074012149,1517.144222,4.204981012337839,1517.144222
1129.697905,normal,1786022415793875000,35.84938755382478,1,0,39.0,36.0,2.998061074012149,1520.149032,4.204981012337839,1520.149032
1132.708189,normal,1786022418804159000,35.71473757584906,1,0,39.0,36.0,2.8704971026660573,1523.1511,4.204981012337839,1523.1511
1135.71489,normal,1786022421810860000,35.81185211168589,1,0,39.0,36.0,2.70213424045771,1526.152846,4.204981012337839,1526.152846
1138.716213,normal,1786022424812183000,35.61143328321624,1,0,39.0,36.0,2.648632780706201,1529.153954,4.204981012337839,1529.153954
1141.715518,normal,1786022427811488000,35.69995968590608,1,0,39.0,36.0,2.6483384890583253,1532.157378,4.204981012337839,1532.157378
1144.724015,normal,1786022430819985000,35.83136765780507,1,0,39.0,36.0,2.472841121496913,1535.161414,4.204981012337839,1535.161414
1147.7247,normal,1786022433820670000,35.893185288865254,1,0,39.0,36.0,2.418935730061619,1538.164423,4.204981012337839,1538.164423
1150.723676,normal,1786022436819646000,35.9081634689222,1,0,39.0,36.0,2.418935730061619,1541.16551,4.204981012337839,1541.16551
1153.726686,normal,1786022439822656000,36.12108714103006,1,0,39.0,36.0,2.418935730061619,1544.162672,4.204981012337839,1544.162672
1156.73228,normal,1786022442828250000,36.09988996728667,1,0,39.0,36.0,2.418935730061619,1547.166138,4.204981012337839,1547.166138
1159.736277,normal,1786022445832247000,36.00193892598785,1,0,39.0,36.0,2.418935730061619,1550.170412,4.204981012337839,1550.170412
1162.740729,normal,1786022448836699000,36.12950289733394,1,0,39.0,36.0,2.418935730061619,1553.168064,4.204981012337839,1553.168064
1165.74601,normal,1786022451841980000,36.29786575954229,1,0,39.0,36.0,2.418935730061619,1556.17092,4.204981012337839,1556.17092
1168.743467,normal,1786022454839437000,36.3513672192938,1,0,39.0,36.0,2.418935730061619,1559.176809,4.204981012337839,1559.176809
1171.751363,normal,1786022457847333000,36.351661510941675,1,0,39.0,36.0,2.418935730061619,1562.17802,4.204981012337839,1562.17802
1174.752148,normal,1786022460848118000,36.52715887850309,1,0,39.0,36.0,2.418935730061619,1565.181737,4.204981012337839,1565.181737
1177.75821,normal,1786022463854180000,36.65623306818471,1,0,39.0,36.0,2.2672076043818876,1568.211645,4.204981012337839,1568.211645
1180.759537,normal,1786022466855507000,36.6592634160914,1,0,39.0,36.0,2.2672076043818876,1571.185092,4.204981012337839,1571.185092
1183.767032,normal,1786022469863002000,36.67307229015586,1,0,39.0,36.0,2.210732328531172,1574.187785,4.204981012337839,1574.187785
1186.767152,normal,1786022472863122000,36.743471048550575,1,0,39.0,36.0,2.2017248744839435,1577.190901,4.204981012337839,1577.190901
1189.772063,normal,1786022475868033000,36.67688699263307,1,0,39.0,36.0,2.2017248744839435,1580.195681,4.204981012337839,1580.195681
1192.773848,normal,1786022478869818000,36.68189678208346,1,0,39.0,36.0,2.1599906973642646,1583.198738,4.204981012337839,1583.198738
1195.778268,normal,1786022481874238000,36.63024513608191,1,0,39.0,36.0,2.0757961568526397,1586.202807,4.204981012337839,1586.202807
1198.781684,normal,1786022484877654000,36.76915982431584,1,0,39.0,36.0,2.0757961568526397,1589.208759,4.204981012337839,1589.208759
1201.784844,normal,1786022487880814000,36.772684459034,1,0,39.0,36.0,2.0757961568526397,1592.212907,4.204981012337839,1592.212907
1204.783387,normal,1786022490879357000,36.58106426993838,1,0,39.0,36.0,2.0757961568526397,1595.218052,4.204981012337839,1595.218052
1207.787677,normal,1786022493883647000,36.80338318534849,1,0,39.0,36.0,2.0757961568526397,1598.225578,4.204981012337839,1598.225578
1210.788435,normal,1786022496884405000,36.73279239561811,1,0,39.0,36.0,2.0757961568526397,1601.227825,4.204981012337839,1601.227825
1213.792846,normal,1786022499888816000,36.78926767146883,1,0,39.0,36.0,2.0757961568526397,1604.232765,4.204981012337839,1604.232765
1216.791108,normal,1786022502887078000,36.80936219439151,1,0,39.0,36.0,1.897361297607624,1607.236846,4.204981012337839,1607.236846
1219.793328,normal,1786022505889298000,36.79827512551606,1,0,39.0,36.0,1.897361297607624,1610.238465,4.204981012337839,1610.238465
1222.793225,normal,1786022508889195000,36.840009302635735,1,0,39.0,36.0,1.897361297607624,1613.243299,4.204981012337839,1613.243299
1225.797929,normal,1786022511893899000,37.01404691320311,1,0,39.0,36.0,1.897361297607624,1616.245617,4.204981012337839,1616.245617
1228.799566,normal,1786022514895536000,37.21151692027248,1,0,39.0,36.0,1.897361297607624,1619.249627,4.204981012337839,1619.249627
1231.802562,normal,1786022517898532000,37.329459546383255,1,0,39.0,36.0,1.897361297607624,1622.251609,4.204981012337839,1622.251609
1234.801073,normal,1786022520897043000,37.324212254757114,1,0,39.0,36.0,1.897361297607624,1625.253515,4.204981012337839,1625.253515
1237.806793,normal,1786022523902763000,37.16598209356928,1,0,39.0,36.0,1.897361297607624,1628.25524,4.204981012337839,1628.25524
1240.812274,normal,1786022526908244000,37.1628453587526,1,0,39.0,36.0,1.897361297607624,1631.259017,4.204981012337839,1631.259017
1243.816576,normal,1786022529912546000,36.92420384314736,1,0,39.0,36.0,1.897361297607624,1634.25547,4.204981012337839,1634.25547
1246.81848,normal,1786022532914450000,37.10574308095784,1,0,39.0,36.0,1.897361297607624,1637.263498,4.204981012337839,1637.263498
1249.823549,normal,1786022535919519000,37.35648029485857,1,0,39.0,36.0,1.897361297607624,1640.271419,4.204981012337839,1640.271419
1252.831492,normal,1786022538927462000,37.26516513854237,1,0,39.0,36.0,1.897361297607624,1643.274231,4.204981012337839,1643.274231
1255.832951,normal,1786022541928921000,37.27264895314277,1,0,39.0,36.0,1.897361297607624,1646.278607,4.204981012337839,1646.278607
1258.840286,normal,1786022544936256000,37.20728853010441,1,0,39.0,36.0,1.897361297607624,1649.278511,4.204981012337839,1649.278511
1261.83977,normal,1786022547935740000,37.21333977640849,1,0,39.0,36.0,1.897361297607624,1652.28444,4.204981012337839,1652.28444
1264.842221,normal,1786022550938191000,37.275306119232106,1,0,39.0,36.0,1.897361297607624,1655.289992,4.204981012337839,1655.289992
1267.850001,normal,1786022553945971000,37.49318816211675,1,0,39.0,36.0,1.8709809060242504,1658.292516,4.204981012337839,1658.292516
1270.853909,normal,1786022556949879000,37.37029193388184,1,0,39.0,36.0,1.8709809060242504,1661.295999,4.204981012337839,1661.295999
1273.856277,normal,1786022559952247000,37.29992994962824,1,0,39.0,36.0,1.8709809060242504,1664.303414,4.204981012337839,1664.303414
1276.870137,normal,1786022562966107000,37.33401549280425,1,0,39.0,36.0,1.8697214548592171,1667.304845,4.204981012337839,1667.304845
1279.865925,normal,1786022565961895000,37.32496633083768,1,0,39.0,36.0,1.8697214548592171,1670.306378,4.204981012337839,1670.306378
1282.869208,normal,1786022568965178000,37.18216164484344,1,0,39.0,36.0,1.8697214548592171,1673.308075,4.204981012337839,1673.308075
1285.874638,normal,1786022571970608000,37.2460514467136,1,0,39.0,36.0,1.8697214548592171,1676.308781,4.204981012337839,1676.308781
1288.874646,normal,1786022574970616000,37.20280566841756,1,0,39.0,36.0,1.8697214548592171,1679.307845,4.204981012337839,1679.307845
1291.881283,normal,1786022577977253000,37.16873312607429,1,0,39.0,36.0,1.8697214548592171,1682.315147,4.204981012337839,1682.315147
1294.879908,normal,1786022580975878000,37.102638702392376,1,0,39.0,36.0,1.8697214548592171,1685.311671,4.204981012337839,1685.311671
1297.885186,normal,1786022583981156000,37.2861181198428,1,0,39.0,36.0,1.8697214548592171,1688.318706,4.204981012337839,1688.318706
1300.892049,normal,1786022586988019000,37.218478126839024,1,0,39.0,36.0,1.8697214548592171,1691.320218,4.204981012337839,1691.320218
1303.895832,normal,1786022589991802000,37.12901909397575,1,0,39.0,36.0,1.8697214548592171,1694.324468,4.204981012337839,1694.324468
1306.896575,normal,1786022592992545000,37.356715167031126,1,0,39.0,36.0,1.8697214548592171,1697.325136,4.204981012337839,1697.325136
1309.902165,normal,1786022595998135000,37.442641012839665,1,0,39.0,36.0,2.067367879020111,1700.327469,4.204981012337839,1700.327469
1312.906107,normal,1786022599002077000,37.518738678259105,1,0,39.0,36.0,2.09681502119858,1703.3289,4.204981012337839,1703.3289
1315.913837,normal,1786022602009807000,37.37562315182223,1,0,39.0,36.0,2.1562031112956603,1706.335578,4.204981012337839,1706.335578
1318.916084,normal,1786022605012054000,37.351758630519896,1,0,39.0,36.0,2.1759980536554195,1709.343844,4.204981012337839,1709.343844
1321.923249,normal,1786022608019219000,37.44891300829692,1,0,39.0,36.0,2.2426508232679367,1712.346756,4.204981012337839,1712.346756
1324.919629,normal,1786022611015599000,37.45889170614309,1,0,39.0,36.0,2.263345284430031,1715.350899,4.204981012337839,1715.350899
1327.924835,normal,1786022614020805000,37.7061450230917,1,0,39.0,36.0,2.263345284430031,1718.356244,4.204981012337839,1718.356244
1330.928175,normal,1786022617024145000,37.69197779672795,1,0,39.0,36.0,2.263345284430031,1721.359608,4.204981012337839,1721.359608
1333.932636,normal,1786022620028606000,37.74196861567327,1,0,39.0,36.0,2.4526482306321356,1724.362747,4.204981012337839,1724.362747
1336.93425,normal,1786022623030220000,37.68599317699204,1,0,39.0,36.0,2.656893717641907,1727.362709,4.204981012337839,1727.362709
1339.940138,normal,1786022626036108000,37.82173855269753,1,0,39.0,36.0,2.7111533139583344,1730.367624,4.204981012337839,1730.367624
1342.944849,normal,1786022629040819000,37.793604066552135,1,0,39.0,36.0,2.78333738076784,1733.372714,4.204981012337839,1733.372714
1345.942231,normal,1786022632038201000,37.951100491062334,1,0,39.0,36.0,2.812136940040588,1736.373271,4.204981012337839,1736.373271
1348.945602,normal,1786022635041572000,38.01156417468174,1,0,39.0,36.0,2.812136940040588,1739.381015,4.204981012337839,1739.381015
1351.951577,normal,1786022638047547000,38.0374895026498,1,0,39.0,36.0,2.812136940040588,1742.384338,4.204981012337839,1742.384338
1354.955046,normal,1786022641051016000,38.086882042321825,1,0,39.0,36.0,2.812136940040588,1745.38326,4.204981012337839,1745.38326
1357.961081,normal,1786022644057051000,38.26996955250405,1,0,39.0,36.0,2.812136940040588,1748.386055,4.204981012337839,1748.386055
1360.963469,normal,1786022647059439000,38.31349696150468,1,0,39.0,36.0,2.812136940040588,1751.389744,4.204981012337839,1751.389744
1363.965572,normal,1786022650061542000,38.24324546317808,1,0,39.0,36.0,2.812136940040588,1754.397061,4.204981012337839,1754.397061
1366.96805,normal,1786022653064020000,38.27104845787221,1,0,39.0,36.0,2.812136940040588,1757.39939,4.204981012337839,1757.39939
1369.971603,normal,1786022656067573000,38.195807496181146,1,0,39.0,36.0,2.812136940040588,1760.403711,4.204981012337839,1760.403711
1372.97352,normal,1786022659069490000,38.381615350414336,1,0,39.0,36.0,2.812136940040588,1763.402772,4.204981012337839,1763.402772
1375.977345,normal,1786022662073315000,38.41759647406481,1,0,39.0,36.0,2.812136940040588,1766.408986,4.204981012337839,1766.408986
1378.98194,normal,1786022665077910000,38.41097228587032,1,0,39.0,36.0,2.812136940040588,1769.415642,4.204981012337839,1769.415642
1381.983964,normal,1786022668079934000,38.40627701604273,1,0,39.0,36.0,2.812136940040588,1772.417189,4.204981012337839,1772.417189
1384.990458,normal,1786022671086428000,38.30375639286956,1,0,39.0,36.0,2.812136940040588,1775.414941,4.204981012337839,1775.414941
1387.995282,normal,1786022674091252000,38.336208144243514,1,0,39.0,36.0,2.812136940040588,1778.422761,4.204981012337839,1778.422761
1390.997589,normal,1786022677093559000,38.401956627352035,1,0,39.0,36.0,2.8455758557665334,1781.427854,4.204981012337839,1781.427854
1394.003279,normal,1786022680099249000,38.520040107668756,1,0,39.0,36.0,2.871713598978957,1784.425158,4.204981012337839,1784.425158
1397.004371,normal,1786022683100341000,38.36221406783939,1,0,39.0,36.0,2.877439485366594,1787.434733,4.204981012337839,1787.434733
1400.012031,normal,1786022686108001000,38.44931829186751,1,0,39.0,36.0,3.04190999218072,1790.437101,4.204981012337839,1790.437101
1403.017344,normal,1786022689113314000,38.57278695218056,1,0,39.0,36.0,3.2981878699298335,1793.441228,4.204981012337839,1793.441228
1406.018095,normal,1786022692114065000,38.72375735941528,1,0,39.0,36.0,3.4588362698736574,1796.443879,4.204981012337839,1796.443879
1409.017854,normal,1786022695113824000,38.75180376567175,1,0,39.0,36.0,3.4588362698736574,1799.441557,4.204981012337839,1799.441557
1412.02214,normal,1786022698118110000,38.69121569370034,1,0,39.0,36.0,3.478846182413001,1802.452153,4.204981012337839,1802.452153
1415.026023,normal,1786022701121993000,38.77559366425177,1,0,39.0,36.0,3.5226242262183263,1805.454555,4.204981012337839,1805.454555
1418.033946,normal,1786022704129916000,38.76848456821509,1,0,39.0,36.0,3.5226242262183263,1808.456982,4.204981012337839,1808.456982
1421.03303,normal,1786022707129000000,38.88765553742254,1,0,39.0,36.0,3.674204307473815,1811.462253,4.204981012337839,1811.462253
1424.038597,normal,1786022710134567000,38.87259614903597,1,0,39.0,36.0,3.7940150021974337,1814.464061,4.204981012337839,1814.464061
1427.039699,normal,1786022713135669000,38.983613586430906,1,0,39.0,36.0,3.7940150021974337,1817.469306,4.204981012337839,1817.469306
1430.043836,normal,1786022716139806000,39.18133968379319,1,0,39.0,36.0,3.7940150021974337,1820.470979,4.204981012337839,1820.470979
1433.048208,normal,1786022719144178000,39.44372967166692,0,0,39.0,36.0,3.817197841645666,1823.473728,4.204981012337839,1823.473728
1436.053303,normal,1786022722149273000,39.552581554626066,0,0,39.0,36.0,3.817197841645666,1826.473803,4.204981012337839,1826.473803
1439.058726,normal,1786022725154696000,39.648321212281814,0,0,39.0,36.0,3.913055631348648,1829.479584,4.204981012337839,1829.479584
1442.055256,normal,1786022728151226000,39.70053260026575,0,0,39.0,36.0,3.9383389726918736,1832.483173,4.134223611966235,1832.483173
1445.061481,normal,1786022731157451000,39.8856084677184,0,0,39.0,36.0,3.9383389726918736,1835.482021,4.0576768631986795,1835.482021
1448.062559,normal,1786022734158529000,39.83802134789387,0,0,39.0,36.0,4.089188571713052,1838.487608,4.0576768631986795,1838.487608
1451.065208,normal,1786022737161178000,39.73280801967547,0,0,39.0,36.0,4.094854372079624,1841.490865,4.0576768631986795,1841.490865
1454.070623,normal,1786022740166593000,39.585673701991006,0,0,39.0,36.0,4.094854372079624,1844.492171,4.0576768631986795,1844.492171
1457.072298,normal,1786022743168268000,39.82102259187236,0,0,39.0,36.0,4.094854372079624,1847.496823,4.0576768631986795,1847.496823
1460.076338,normal,1786022746172308000,39.859471797368286,0,0,39.0,36.0,4.094854372079624,1850.505458,4.021356101250618,1850.505458
1463.080023,normal,1786022749175993000,40.112646353856704,0,0,39.0,36.0,4.094854372079624,1853.511576,4.021356101250618,1853.511576
1466.085194,normal,1786022752181164000,40.0913577659551,0,0,39.0,36.0,4.094854372079624,1856.506721,4.021356101250618,1856.506721
1469.086789,normal,1786022755182759000,40.20498101233784,0,0,39.0,36.0,4.094854372079624,1859.51326,4.021356101250618,1859.51326
1472.090151,normal,1786022758186121000,40.134223611966235,0,0,39.0,36.0,4.094854372079624,1862.515126,4.021356101250618,1862.515126
1475.089595,normal,1786022761185565000,40.01422138113759,0,0,39.0,36.0,4.094854372079624,1865.514981,4.021356101250618,1865.514981
1478.092405,normal,1786022764188375000,40.0230027152409,0,0,39.0,36.0,4.094854372079624,1868.518495,4.021356101250618,1868.518495
1481.094524,normal,1786022767190494000,39.9384682543314,0,0,39.0,36.0,4.094854372079624,1871.523674,4.021356101250618,1871.523674
1484.100855,normal,1786022770196825000,40.04901476767854,0,0,39.0,36.0,4.094854372079624,1874.527173,3.998448487146746,1874.527173
1487.103078,normal,1786022773199048000,40.05767686319868,0,0,39.0,36.0,4.094854372079624,1877.528863,3.963479156338387,1877.528863
1490.108782,normal,1786022776204752000,39.97368972841356,0,0,39.0,36.0,4.094854372079624,1880.53427,3.852106626484108,1880.53427
1493.11003,normal,1786022779206000000,39.94989554887166,0,0,39.0,36.0,4.094854372079624,1883.534616,3.849619800399666,1883.534616
1496.113304,normal,1786022782209274000,39.89292775449084,0,0,39.0,36.0,4.094854372079624,1886.539984,3.7196287270016626,1886.539984
1499.117377,normal,1786022785213347000,39.92246921428812,0,0,39.0,36.0,4.094854372079624,1889.543946,3.604072885795347,1889.543946
1502.120782,normal,1786022788216752000,39.98299719228334,0,0,39.0,36.0,4.094854372079624,1892.550047,3.422549571348675,1892.550047
1505.125821,normal,1786022791221791000,39.920664428831,0,0,39.0,36.0,4.094854372079624,1895.552921,3.422549571348675,1895.552921
1508.130551,normal,1786022794226521000,39.99037755061401,0,0,39.0,36.0,4.094854372079624,1898.556427,3.4077715186001996,1898.556427
1511.135343,normal,1786022797231313000,40.02135610125062,0,0,39.0,36.0,4.094854372079624,1901.561995,3.3738057292460084,1901.561995
1514.141654,normal,1786022800237624000,39.998448487146746,0,0,39.0,36.0,4.094854372079624,1904.561942,3.2427179589519497,1904.561942
1517.144222,normal,1786022803240192000,39.96347915633839,0,0,39.0,36.0,4.094854372079624,1907.562167,3.139723205665071,1907.562167
1520.149032,normal,1786022806245002000,39.85210662648411,0,0,39.0,36.0,4.094854372079624,1910.570923,2.9789061043030287,1910.570923
1523.1511,normal,1786022809247070000,39.849619800399665,0,0,39.0,36.0,4.094854372079624,1913.572647,2.9789061043030287,1913.572647
1526.152846,normal,1786022812248816000,39.71962872700166,0,0,39.0,36.0,4.094854372079624,1916.571751,2.9640019163863727,1916.571751
1529.153954,normal,1786022815249924000,39.60407288579535,0,0,39.0,36.0,4.094854372079624,1919.575697,2.9640019163863727,1919.575697
1532.157378,normal,1786022818253348000,39.40745002507963,0,0,39.0,36.0,4.094854372079624,1922.575315,2.9640019163863727,1922.575315
1535.161414,normal,1786022821257384000,39.422549571348675,0,0,39.0,36.0,4.094854372079624,1925.581912,2.9640019163863727,1925.581912
1538.164423,normal,1786022824260393000,39.4077715186002,0,0,39.0,36.0,4.094854372079624,1928.582836,2.9640019163863727,1928.582836
1541.16551,normal,1786022827261480000,39.37380572924601,0,0,39.0,36.0,4.094854372079624,1931.589731,2.893831591739769,1931.589731
1544.162672,normal,1786022830258642000,39.24271795895195,0,0,39.0,36.0,4.094854372079624,1934.589012,2.832154103351023,1934.589012
1547.166138,normal,1786022833262108000,39.13972320566507,0,0,39.0,36.0,4.094854372079624,1937.587904,2.832154103351023,1937.587904
1550.170412,normal,1786022836266382000,38.93429661052177,0,0,39.0,36.0,4.094854372079624,1940.594455,2.832154103351023,1940.594455
1553.168064,normal,1786022839264034000,38.97890610430303,0,0,39.0,36.0,4.094854372079624,1943.595855,2.7766198511472027,1943.595855
1556.17092,normal,1786022842266890000,38.87203938182056,0,0,39.0,36.0,4.094854372079624,1946.602305,2.584090696730577,1946.602305
1559.176809,normal,1786022845272779000,38.84279175437764,0,0,39.0,36.0,4.094854372079624,1949.607506,2.584090696730577,1949.607506
1562.17802,normal,1786022848273990000,38.861140169664445,0,0,39.0,36.0,4.094854372079624,1952.611613,2.5534726143923905,1952.611613
1565.181737,normal,1786022851277707000,38.93783176438891,0,0,39.0,36.0,4.094854372079624,1955.614886,2.453164070638792,1955.614886
1568.211645,normal,1786022854307615000,38.96400191638637,0,0,39.0,36.0,4.094854372079624,1958.616982,2.3229380804642545,1958.616982
1571.185092,normal,1786022857281062000,38.89383159173977,0,0,39.0,36.0,4.094854372079624,1961.624876,2.3160186514551597,1961.624876
1574.187785,normal,1786022860283755000,38.749775642477466,0,0,39.0,36.0,4.094854372079624,1964.626869,2.277609734519679,1964.626869
1577.190901,normal,1786022863286871000,38.717465651710214,0,0,39.0,36.0,4.094854372079624,1967.655657,2.2189055871566055,1967.655657
1580.195681,normal,1786022866291651000,38.83215410335102,0,0,39.0,36.0,4.094854372079624,1970.633681,2.2152349906697,1970.633681
1583.198738,normal,1786022869294708000,38.7766198511472,0,0,39.0,36.0,4.094854372079624,1973.633258,2.1300899057841605,1973.633258
1586.202807,normal,1786022872298777000,38.49086280587071,0,0,39.0,36.0,4.094854372079624,1976.637637,2.1300899057841605,1976.637637
1589.208759,normal,1786022875304729000,38.58409069673058,0,0,39.0,36.0,4.094854372079624,1979.641898,2.1300899057841605,1979.641898
1592.212907,normal,1786022878308877000,38.55347261439239,0,0,39.0,36.0,4.094854372079624,1982.643137,2.1300899057841605,1982.643137
1595.218052,normal,1786022881314022000,38.45316407063879,0,0,39.0,36.0,4.094854372079624,1985.646757,2.1300899057841605,1985.646757
1598.225578,normal,1786022884321548000,38.322938080464255,0,0,39.0,36.0,4.094854372079624,1988.653112,2.1300899057841605,1988.653112
1601.227825,normal,1786022887323795000,38.31601865145516,0,0,39.0,36.0,4.094854372079624,1991.654248,2.1300899057841605,1991.654248
1604.232765,normal,1786022890328735000,38.27760973451968,0,0,39.0,36.0,4.094854372079624,1994.655482,2.1300899057841605,1994.655482
1607.236846,normal,1786022893332816000,38.218905587156605,0,0,39.0,36.0,4.094854372079624,1997.660057,2.1300899057841605,1997.660057
1610.238465,normal,1786022896334435000,38.2152349906697,0,0,39.0,36.0,4.094854372079624,2000.668238,2.1300899057841605,2000.668238
1613.243299,normal,1786022899339269000,38.07960834582903,0,0,39.0,36.0,4.094854372079624,2003.67048,2.1300899057841605,2003.67048
1616.245617,normal,1786022902341587000,38.10517215501752,0,0,39.0,36.0,4.094854372079624,2006.671784,2.1300899057841605,2006.671784
1619.249627,normal,1786022905345597000,38.02938972347833,0,0,39.0,36.0,4.094854372079624,2009.673205,2.2757171994870617,2009.673205
1622.251609,normal,1786022908347579000,38.13008990578416,0,0,39.0,36.0,4.094854372079624,2012.674197,2.4293742259984725,2012.674197
1625.253515,normal,1786022911349485000,38.0229494718469,0,0,39.0,36.0,4.094854372079624,2015.680464,2.5615482961739247,2015.680464
1628.25524,normal,1786022914351210000,37.91588124140532,0,0,39.0,36.0,4.094854372079624,2018.686497,2.6252463757891533,2018.686497
1631.259017,normal,1786022917354987000,37.9510145292093,0,0,39.0,36.0,4.094854372079624,2021.689574,2.689056979671861,2021.689574
1634.25547,normal,1786022920351440000,37.82640629939638,0,0,39.0,36.0,4.094854372079624,2024.694587,2.7370282762653915,2024.694587
1637.263498,normal,1786022923359468000,37.714119804025415,0,0,39.0,36.0,4.094854372079624,2027.698531,2.8097692431820676,2027.698531
1640.271419,normal,1786022926367389000,37.58091042461075,0,0,39.0,36.0,4.094854372079624,2030.698679,2.9142148206437,2030.698679
1643.274231,normal,1786022929370201000,37.42414464378097,0,0,39.0,36.0,4.094854372079624,2033.702034,2.9989497773369536,2033.702034
1646.278607,normal,1786022932374577000,37.499549156690584,0,0,39.0,36.0,4.094854372079624,2036.70449,2.9989497773369536,2036.70449
1649.278511,normal,1786022935374481000,37.409484872499306,0,0,39.0,36.0,4.094854372079624,2039.708504,2.9989497773369536,2039.708504
1652.28444,normal,1786022938380410000,37.42677665846947,0,0,39.0,36.0,4.094854372079624,2042.710524,3.094881801266439,2042.710524
1655.289992,normal,1786022941385962000,37.38385407965121,0,0,39.0,36.0,4.094854372079624,2045.711385,3.094881801266439,2045.711385
1658.292516,normal,1786022944388486000,37.26638763310106,0,0,39.0,36.0,4.094854372079624,2048.716915,3.2714168515148145,2048.716915
1661.295999,normal,1786022947391969000,37.19795172475456,0,0,39.0,36.0,4.094854372079624,2051.719946,3.2714168515148145,2051.719946
1664.303414,normal,1786022950399384000,37.13027854514078,0,0,39.0,36.0,4.094854372079624,2054.725426,3.2714168515148145,2054.725426
1667.304845,normal,1786022953400815000,36.93263212097989,0,0,39.0,36.0,4.094854372079624,2057.72658,3.2714168515148145,2057.72658
1670.306378,normal,1786022956402348000,36.90318497880142,0,0,39.0,36.0,4.094854372079624,2060.731221,3.2714168515148145,2060.731221
1673.308075,normal,1786022959404045000,36.84379688870434,0,0,39.0,36.0,4.094854372079624,2063.734417,3.2714168515148145,2063.734417
1676.308781,normal,1786022962404751000,36.82400194634458,0,0,39.0,36.0,4.094854372079624,2066.742754,3.2714168515148145,2066.742754
1679.307845,normal,1786022965403815000,36.75734917673206,0,0,39.0,36.0,4.094854372079624,2069.741594,3.2714168515148145,2069.741594
1682.315147,normal,1786022968411117000,36.73665471556997,0,0,39.0,36.0,4.094854372079624,2072.743655,3.2714168515148145,2072.743655
1685.311671,normal,1786022971407641000,36.9025031843128,0,0,39.0,36.0,4.094854372079624,2075.747282,3.2714168515148145,2075.747282
1688.318706,normal,1786022974414676000,36.7552622739661,0,0,39.0,36.0,4.094854372079624,2078.752094,3.2714168515148145,2078.752094
1691.320218,normal,1786022977416188000,36.547351769367864,0,0,39.0,36.0,4.094854372079624,2081.756283,3.2714168515148145,2081.756283
1694.324468,normal,1786022980420438000,36.34310628235809,0,0,39.0,36.0,4.094854372079624,2084.757102,3.2714168515148145,2084.757102
1697.325136,normal,1786022983421106000,36.288846686041666,0,0,39.0,36.0,4.094854372079624,2087.755924,3.2714168515148145,2087.755924
1700.327469,normal,1786022986423439000,36.21666261923216,0,0,39.0,36.0,4.094854372079624,2090.761187,3.2714168515148145,2090.761187
1703.3289,normal,1786022989424870000,36.18786305995941,0,0,39.0,36.0,4.094854372079624,2093.766726,3.2714168515148145,2093.766726
1706.335578,normal,1786022992431548000,36.27535692481595,0,0,39.0,36.0,4.094854372079624,2096.766076,3.2714168515148145,2096.766076
1709.343844,normal,1786022995439814000,36.22168196455905,0,0,39.0,36.0,4.094854372079624,2099.775433,3.2714168515148145,2099.775433
1712.346756,normal,1786022998442726000,36.25555743865326,0,0,39.0,36.0,4.094854372079624,2102.777641,3.2714168515148145,2102.777641
1715.350899,normal,1786023001446869000,36.3616902208655,0,0,39.0,36.0,4.094854372079624,2105.782954,3.2714168515148145,2105.782954
1718.356244,normal,1786023004452214000,36.50523039931979,0,0,39.0,36.0,4.094854372079624,2108.782354,3.2714168515148145,2108.782354
1721.359608,normal,1786023007455578000,36.41470309631489,0,0,39.0,36.0,4.094854372079624,2111.787828,3.2714168515148145,2111.787828
1724.362747,normal,1786023010458717000,36.52277167398341,0,0,39.0,36.0,4.094854372079624,2114.793966,3.2714168515148145,2114.793966
1727.362709,normal,1786023013458679000,36.30912861743175,0,0,39.0,36.0,4.094854372079624,2117.795871,3.2714168515148145,2117.795871
1730.367624,normal,1786023016463594000,36.39116144021821,0,0,39.0,36.0,4.094854372079624,2120.799855,3.2714168515148145,2120.799855
1733.372714,normal,1786023019468684000,36.341544090617894,0,0,39.0,36.0,4.094854372079624,2123.804968,3.2714168515148145,2123.804968
1736.373271,normal,1786023022469241000,36.37286604929398,0,0,39.0,36.0,4.094854372079624,2126.806859,3.2714168515148145,2126.806859
1739.381015,normal,1786023025476985000,36.366977739802834,0,0,39.0,36.0,4.094854372079624,2129.809993,3.2714168515148145,2129.809993
1742.384338,normal,1786023028480308000,36.313875360738706,0,0,39.0,36.0,4.094854372079624,2132.811585,3.2714168515148145,2132.811585
1745.38326,normal,1786023031479230000,36.2276812913705,0,0,39.0,36.0,4.094854372079624,2135.813734,3.2714168515148145,2135.813734
1748.386055,normal,1786023034482025000,36.15442414423347,0,0,39.0,36.0,4.094854372079624,2138.820572,3.2714168515148145,2138.820572
1751.389744,normal,1786023037485714000,36.12828640102104,0,0,39.0,36.0,4.094854372079624,2141.839086,3.2714168515148145,2141.839086
1754.397061,normal,1786023040493031000,36.122560514633406,0,0,39.0,36.0,4.094854372079624,2144.823941,3.2714168515148145,2144.823941
1757.39939,normal,1786023043495360000,35.95809000781928,0,0,39.0,36.0,4.094854372079624,2147.82636,3.2714168515148145,2147.82636
1760.403711,normal,1786023046499681000,35.70181213007017,1,0,39.0,36.0,4.094854372079624,2150.831878,3.2714168515148145,2150.831878
1763.402772,normal,1786023049498742000,35.54116373012634,1,0,39.0,36.0,4.094854372079624,2153.834541,3.2714168515148145,2153.834541
1766.408986,normal,1786023052504956000,35.63113760018769,1,0,39.0,36.0,4.094854372079624,2156.835961,3.2714168515148145,2156.835961
1769.415642,normal,1786023055511612000,35.521153817587,1,0,39.0,36.0,4.094854372079624,2159.840049,3.2714168515148145,2159.840049
1772.417189,normal,1786023058513159000,35.477375773781674,1,0,39.0,36.0,4.094854372079624,2162.843658,3.2714168515148145,2162.843658
1775.414941,normal,1786023061510911000,35.52132069895846,1,0,39.0,36.0,4.094854372079624,2165.844725,3.2714168515148145,2165.844725
1778.422761,normal,1786023064518731000,35.325795692526185,1,0,39.0,36.0,4.094854372079624,2168.896104,3.2714168515148145,2168.896104
1781.427854,normal,1786023067523824000,35.20598499780257,1,0,39.0,36.0,3.979468211146539,2171.847811,3.2714168515148145,2171.847811
1784.425158,normal,1786023070521128000,35.281148175287214,1,0,39.0,36.0,3.822908176175332,2174.853451,3.2714168515148145,2174.853451
1787.434733,normal,1786023073530703000,35.29608850986966,1,0,39.0,36.0,3.822908176175332,2177.854987,3.2714168515148145,2177.854987
1790.437101,normal,1786023076533071000,35.182802158354335,1,0,39.0,36.0,3.522855166841275,2180.86013,3.2714168515148145,2180.86013
1793.441228,normal,1786023079537198000,35.18633609992837,1,0,39.0,36.0,3.437980377747486,2183.861559,3.2714168515148145,2183.861559
1796.443879,normal,1786023082539849000,35.08694436865135,1,0,39.0,36.0,3.437980377747486,2186.863553,3.2714168515148145,2186.863553
1799.441557,normal,1786023085537527000,35.061661027308126,1,0,39.0,36.0,3.437980377747486,2189.867857,3.2714168515148145,2189.867857
1802.452153,normal,1786023088548123000,35.06623223019162,1,0,39.0,36.0,3.28392202572568,2192.863284,3.2714168515148145,2192.863284
1805.454555,normal,1786023091550525000,34.91081142828695,1,0,39.0,36.0,3.0972503150030306,2195.868678,3.2714168515148145,2195.868678
1808.456982,normal,1786023094552952000,34.905145627920376,1,0,39.0,36.0,2.8643952532407084,2198.869817,3.2714168515148145,2198.869817
1811.462253,normal,1786023097558223000,35.02053178885346,1,0,39.0,36.0,2.679233355994441,2201.871745,3.2714168515148145,2201.871745
1814.464061,normal,1786023100560031000,35.20496206516607,1,0,39.0,36.0,2.6292416726928636,2204.876109,3.2714168515148145,2204.876109
1817.469306,normal,1786023103565276000,35.17709182382467,1,0,39.0,36.0,2.6292416726928636,2207.878651,3.2714168515148145,2207.878651
1820.470979,normal,1786023106566949000,35.477144833158725,1,0,39.0,36.0,2.6292416726928636,2210.879736,3.2714168515148145,2210.879736
1823.473728,normal,1786023109569698000,35.62383619019948,1,0,39.0,36.0,2.6292416726928636,2213.886329,3.2714168515148145,2213.886329
1826.473803,normal,1786023112569773000,35.59750436672472,1,0,39.0,36.0,2.6292416726928636,2216.889205,3.2714168515148145,2216.889205
1829.479584,normal,1786023115575554000,35.562019622252514,1,0,39.0,36.0,2.6292416726928636,2219.891249,3.2714168515148145,2219.891249
1832.483173,normal,1786023118579143000,35.71607797427432,1,0,39.0,36.0,2.6292416726928636,2222.890979,3.2714168515148145,2222.890979
1835.482021,normal,1786023121577991000,35.90274968499697,1,0,39.0,36.0,2.6292416726928636,2225.893795,3.2714168515148145,2225.893795
1838.487608,normal,1786023124583578000,36.13560474675929,1,0,39.0,36.0,2.6292416726928636,2228.896501,3.2714168515148145,2228.896501
1841.490865,normal,1786023127586835000,36.32076664400556,1,0,39.0,36.0,2.6292416726928636,2231.900538,3.2714168515148145,2231.900538
1844.492171,normal,1786023130588141000,36.47035606551559,1,0,39.0,36.0,2.6292416726928636,2234.90631,3.2714168515148145,2234.90631
1847.496823,normal,1786023133592793000,36.409026837477576,1,0,39.0,36.0,2.6292416726928636,2237.906826,3.2714168515148145,2237.906826
1850.505458,normal,1786023136601428000,36.43473827516225,1,0,39.0,36.0,2.669447248024291,2240.909481,3.2714168515148145,2240.909481
1853.511576,normal,1786023139607546000,36.49921371210001,1,0,39.0,36.0,2.7801177398671513,2243.912715,3.2714168515148145,2243.912715
1856.506721,normal,1786023142602691000,36.401385033839645,1,0,39.0,36.0,2.8977049247232287,2246.919881,3.2714168515148145,2246.919881
1859.51326,normal,1786023145609230000,36.4579172980483,1,0,39.0,36.0,2.9466479997703416,2249.919147,3.2714168515148145,2249.919147
1862.515126,normal,1786023148611096000,36.39249043606296,1,0,39.0,36.0,3.089112486838296,2252.920808,3.2714168515148145,2252.920808
1865.514981,normal,1786023151610951000,36.370758327307136,1,0,39.0,36.0,3.089112486838296,2255.925633,3.2714168515148145,2255.925633
1868.518495,normal,1786023154614465000,36.54767034941334,1,0,39.0,36.0,3.089112486838296,2258.93077,3.2714168515148145,2258.93077
1871.523674,normal,1786023157619644000,36.56067733674504,1,0,39.0,36.0,3.089112486838296,2261.933502,3.2714168515148145,2261.933502
1874.527173,normal,1786023160623143000,36.64319288438602,1,0,39.0,36.0,3.089112486838296,2264.940554,3.2714168515148145,2264.940554
1877.528863,normal,1786023163624833000,36.60238776698414,1,0,39.0,36.0,3.089112486838296,2267.940727,3.2714168515148145,2267.940727
1880.53427,normal,1786023166630240000,36.610904493174296,1,0,39.0,36.0,3.108271393504481,2270.94583,3.2714168515148145,2270.94583
1883.534616,normal,1786023169630586000,36.76499743660228,1,0,39.0,36.0,3.108271393504481,2273.947564,3.2714168515148145,2273.947564
1886.539984,normal,1786023172635954000,36.71000897059595,1,0,39.0,36.0,3.129838001571528,2276.951623,3.2714168515148145,2276.951623
1889.543946,normal,1786023175639916000,36.85514200299178,1,0,39.0,36.0,3.178982037419914,2279.953043,3.2714168515148145,2279.953043
1892.550047,normal,1786023178646017000,36.98080986317492,1,0,39.0,36.0,3.30689515032352,2282.96008,3.2714168515148145,2282.96008
1895.552921,normal,1786023181648891000,37.18001962768491,1,0,39.0,36.0,3.319964871729397,2285.966293,3.2714168515148145,2285.966293
1898.556427,normal,1786023184652397000,37.101185211628085,1,0,39.0,36.0,3.366673760878072,2288.968086,3.2714168515148145,2288.968086
1901.561995,normal,1786023187657965000,37.304377143334726,1,0,39.0,36.0,3.4771608333790027,2291.973249,3.2714168515148145,2291.973249
1904.561942,normal,1786023190657912000,37.36658694542248,1,0,39.0,36.0,3.4771608333790027,2294.974636,3.2714168515148145,2294.974636
1907.562167,normal,1786023193658137000,37.273699349943726,1,0,39.0,36.0,3.4771608333790027,2297.982204,3.2714168515148145,2297.982204
1910.570923,normal,1786023196666893000,36.98579480531478,1,0,39.0,36.0,3.4771608333790027,2300.985703,3.2714168515148145,2300.985703
1913.572647,normal,1786023199668617000,36.75401460785711,1,0,39.0,36.0,3.4771608333790027,2303.993092,3.2714168515148145,2303.993092
1916.571751,normal,1786023202667721000,36.90865537884624,1,0,39.0,36.0,3.4771608333790027,2306.994488,3.2714168515148145,2306.994488
1919.575697,normal,1786023205671667000,36.99543640733802,1,0,39.0,36.0,3.4771608333790027,2309.996752,3.2714168515148145,2309.996752
1922.575315,normal,1786023208671285000,37.13427168576192,1,0,39.0,36.0,3.4771608333790027,2313.003582,3.2714168515148145,2313.003582
1925.581912,normal,1786023211677882000,37.28668627915929,1,0,39.0,36.0,3.4771608333790027,2316.005509,3.2714168515148145,2316.005509
1928.582836,normal,1786023214678806000,37.289443937993475,1,0,39.0,36.0,3.4771608333790027,2319.007175,3.2714168515148145,2319.007175
1931.589731,normal,1786023217685701000,37.377068176613975,1,0,39.0,36.0,3.4771608333790027,2322.010798,3.2714168515148145,2322.010798
1934.589012,normal,1786023220684982000,37.47413866968411,1,0,39.0,36.0,3.4771608333790027,2325.015153,3.2714168515148145,2325.015153
1937.587904,normal,1786023223683874000,37.515877059957006,1,0,39.0,36.0,3.4771608333790027,2328.018402,3.2714168515148145,2328.018402
1940.594455,normal,1786023226690425000,37.51681050960879,1,0,39.0,36.0,3.4771608333790027,2331.024816,3.2714168515148145,2331.024816
1943.595855,normal,1786023229691825000,37.58921102874601,1,0,39.0,36.0,3.4771608333790027,2334.02638,3.2714168515148145,2334.02638
1946.602305,normal,1786023232698275000,37.61207784944372,1,0,39.0,36.0,3.4771608333790027,2337.030691,3.2714168515148145,2337.030691
1949.607506,normal,1786023235703476000,37.611873791415825,1,0,39.0,36.0,3.4771608333790027,2340.034114,3.2714168515148145,2340.034114
1952.611613,normal,1786023238707583000,37.64379391981212,1,0,39.0,36.0,3.4771608333790027,2343.041732,3.2714168515148145,2343.041732
1955.614886,normal,1786023241710856000,37.68948615369497,1,0,39.0,36.0,3.4771608333790027,2346.04843,3.2714168515148145,2346.04843
1958.616982,normal,1786023244712952000,37.70099388211376,1,0,39.0,36.0,3.4771608333790027,2349.045875,3.2714168515148145,2349.045875
1961.624876,normal,1786023247720846000,37.716708997622746,1,0,39.0,36.0,3.4771608333790027,2352.049809,3.2714168515148145,2352.049809
1964.626869,normal,1786023250722839000,37.824426728642585,1,0,39.0,36.0,3.4771608333790027,2355.056683,3.2714168515148145,2355.056683
1967.655657,normal,1786023253751627000,37.936571921510634,1,0,39.0,36.0,3.4771608333790027,2358.056841,3.2714168515148145,2358.056841
1970.633681,normal,1786023256729651000,37.94967809334692,1,0,39.0,36.0,3.4771608333790027,2361.06133,3.2714168515148145,2361.06133
1973.633258,normal,1786023259729228000,38.11006286933019,1,0,39.0,36.0,3.4771608333790027,2364.064553,3.2714168515148145,2364.064553
1976.637637,normal,1786023262733607000,38.27571719948706,1,0,39.0,36.0,3.4771608333790027,2367.066497,3.2714168515148145,2367.066497
1979.641898,normal,1786023265737868000,38.42937422599847,1,0,39.0,36.0,3.4771608333790027,2370.066527,3.2714168515148145,2370.066527
1982.643137,normal,1786023268739107000,38.561548296173925,1,0,39.0,36.0,3.4771608333790027,2373.071574,3.2714168515148145,2373.071574
1985.646757,normal,1786023271742727000,38.62524637578915,1,0,39.0,36.0,3.4771608333790027,2376.074154,3.2714168515148145,2376.074154
1988.653112,normal,1786023274749082000,38.68905697967186,1,0,39.0,36.0,3.4771608333790027,2379.072591,3.2418881986451353,2379.072591
1991.654248,normal,1786023277750218000,38.73702827626539,1,0,39.0,36.0,3.4771608333790027,2382.076976,3.2418881986451353,2382.076976
1994.655482,normal,1786023280751452000,38.80976924318207,1,0,39.0,36.0,3.4771608333790027,2385.075874,3.2418881986451353,2385.075874
1997.660057,normal,1786023283756027000,38.9142148206437,1,0,39.0,36.0,3.4771608333790027,2388.085885,3.1747679461076075,2388.085885
2000.668238,normal,1786023286764208000,38.998949777336954,1,0,39.0,36.0,3.4771608333790027,2391.087045,3.1747679461076075,2391.087045
2003.67048,normal,1786023289766450000,38.88092342518143,1,0,39.0,36.0,3.4771608333790027,2394.089696,3.1747679461076075,2394.089696
2006.671784,normal,1786023292767754000,38.95005099711821,1,0,39.0,36.0,3.4771608333790027,2397.097934,3.1747679461076075,2397.097934
2009.673205,normal,1786023295769175000,39.09488180126644,1,0,39.0,36.0,3.4771608333790027,2400.097748,3.1747679461076075,2400.097748
2012.674197,normal,1786023298770167000,39.071648315870675,0,0,39.0,36.0,3.4771608333790027,2403.104446,3.169080655237188,2403.104446
2015.680464,normal,1786023301776434000,39.271416851514815,0,0,39.0,36.0,3.4771608333790027,2406.104507,3.169080655237188,2406.104507
2018.686497,normal,1786023304782467000,39.21423404385604,0,0,39.0,36.0,3.4771608333790027,2409.107293,3.169080655237188,2409.107293
2021.689574,normal,1786023307785544000,39.22211346135872,0,0,39.0,36.0,3.4771608333790027,2412.112597,3.169080655237188,2412.112597
2024.694587,normal,1786023310790557000,39.241888198645135,0,0,39.0,36.0,3.4771608333790027,2415.117357,3.1499123353818206,2415.117357
2027.698531,normal,1786023313794501000,39.14669908898177,0,0,39.0,36.0,3.4771608333790027,2418.119751,3.1488021456924074,2418.119751
2030.698679,normal,1786023316794649000,39.13929891313393,0,0,39.0,36.0,3.4771608333790027,2421.124437,3.087365685090859,2421.124437
2033.702034,normal,1786023319798004000,39.16043320387295,0,0,39.0,36.0,3.4771608333790027,2424.128111,3.087365685090859,2424.128111
2036.70449,normal,1786023322800460000,39.05069739507523,0,0,39.0,36.0,3.4771608333790027,2427.131646,2.9682870302682076,2427.131646
2039.708504,normal,1786023325804474000,39.17476794610761,0,0,39.0,36.0,3.4771608333790027,2430.130899,2.936743947396643,2430.130899
2042.710524,normal,1786023328806494000,39.033424946770936,0,0,39.0,36.0,3.4771608333790027,2433.137661,2.779577317776599,2433.137661
2045.711385,normal,1786023331807355000,38.92144147695859,0,0,39.0,36.0,3.4771608333790027,2436.14163,2.7762409750861323,2436.14163
2048.716915,normal,1786023334812885000,39.03647064483409,0,0,39.0,36.0,3.4771608333790027,2439.147611,2.7516691421660795,2439.147611
2051.719946,normal,1786023337815916000,39.16908065523719,0,0,39.0,36.0,3.4771608333790027,2442.146702,2.726943700997005,2442.146702
2054.725426,normal,1786023340821396000,39.14991233538182,0,0,39.0,36.0,3.4771608333790027,2445.152357,2.726943700997005,2445.152357
2057.72658,normal,1786023343822550000,39.14880214569241,0,0,39.0,36.0,3.4771608333790027,2448.152645,2.726943700997005,2448.152645
2060.731221,normal,1786023346827191000,39.022614647625346,0,0,39.0,36.0,3.4771608333790027,2451.158907,2.726943700997005,2451.158907
2063.734417,normal,1786023349830387000,39.08736568509086,0,0,39.0,36.0,3.4771608333790027,2454.161465,2.726943700997005,2454.161465
2066.742754,normal,1786023352838724000,38.96828703026821,0,0,39.0,36.0,3.4771608333790027,2457.158781,2.726943700997005,2457.158781
2069.741594,normal,1786023355837564000,38.93674394739664,0,0,39.0,36.0,3.4771608333790027,2460.160567,2.726943700997005,2460.160567
2072.743655,normal,1786023358839625000,38.7795773177766,0,0,39.0,36.0,3.4771608333790027,2463.167938,2.726943700997005,2463.167938
2075.747282,normal,1786023361843252000,38.77624097508613,0,0,39.0,36.0,3.4771608333790027,2466.170757,2.726943700997005,2466.170757
2078.752094,normal,1786023364848064000,38.75166914216608,0,0,39.0,36.0,3.4771608333790027,2469.173705,2.726943700997005,2469.173705
2081.756283,normal,1786023367852253000,38.68724749780273,0,0,39.0,36.0,3.4771608333790027,2472.181971,2.726943700997005,2472.181971
2084.757102,normal,1786023370853072000,38.642135670120325,0,0,39.0,36.0,3.4771608333790027,2475.186448,2.780880032896853,2475.186448
2087.755924,normal,1786023373851894000,38.69179117965675,0,0,39.0,36.0,3.4771608333790027,2478.191967,2.9013102268808524,2478.191967
2090.761187,normal,1786023376857157000,38.568205040547745,0,0,39.0,36.0,3.4771608333790027,2481.192093,2.97955827655678,2481.192093
2093.766726,normal,1786023379862696000,38.54776062368222,0,0,39.0,36.0,3.4771608333790027,2484.19445,3.188554732424045,2484.19445
2096.766076,normal,1786023382862046000,38.41371578137203,0,0,39.0,36.0,3.4771608333790027,2487.199456,3.3113909326509443,2487.199456
2099.775433,normal,1786023385871403000,38.65248011045752,0,0,39.0,36.0,3.4771608333790027,2490.203303,3.3113909326509443,2490.203303
2102.777641,normal,1786023388873611000,38.550253452034454,0,0,39.0,36.0,3.4771608333790027,2493.202464,3.3986230937609037,2493.202464
2105.782954,normal,1786023391878924000,38.42274364546958,0,0,39.0,36.0,3.4771608333790027,2496.276278,3.3986230937609037,2496.276278
2108.782354,normal,1786023394878324000,38.47231578201307,0,0,39.0,36.0,3.4771608333790027,2499.21007,3.3986230937609037,2499.21007
2111.787828,normal,1786023397883798000,38.38638894196814,0,0,39.0,36.0,3.4771608333790027,2502.210415,3.3986230937609037,2502.210415
2114.793966,normal,1786023400889936000,38.2646336052413,0,0,39.0,36.0,3.4771608333790027,2505.209912,3.4015908898428933,2505.209912
2117.795871,normal,1786023403891841000,38.08879875080786,0,0,39.0,36.0,3.4771608333790027,2508.215903,3.562955346465259,2508.215903
2120.799855,normal,1786023406895825000,37.91194087885412,0,0,39.0,36.0,3.4771608333790027,2511.218982,3.580804924158045,2511.218982
2123.804968,normal,1786023409900938000,37.99917791097174,0,0,39.0,36.0,3.4771608333790027,2514.223303,3.707817167754328,2514.223303
2126.806859,normal,1786023412902829000,37.848244337382546,0,0,39.0,36.0,3.4771608333790027,2517.221807,3.707817167754328,2517.221807
2129.809993,normal,1786023415905963000,37.67997785094453,0,0,39.0,36.0,3.4771608333790027,2520.225098,3.707817167754328,2520.225098
2132.811585,normal,1786023418907555000,37.70311987574561,0,0,39.0,36.0,3.4771608333790027,2523.224578,3.707817167754328,2523.224578
2135.813734,normal,1786023421909704000,37.69849704881566,0,0,39.0,36.0,3.4771608333790027,2526.228627,3.707817167754328,2526.228627
2138.820572,normal,1786023424916542000,37.72727329917396,0,0,39.0,36.0,3.4771608333790027,2529.232712,3.7915655084646858,2529.232712
2141.839086,normal,1786023427935056000,37.79754540121748,0,0,39.0,36.0,3.4771608333790027,2532.23809,3.7915655084646858,2532.23809
2144.823941,normal,1786023430919911000,37.63782705580992,0,0,39.0,36.0,3.4771608333790027,2535.240375,3.7915655084646858,2535.240375
2147.82636,normal,1786023433922330000,37.67941287106527,0,0,39.0,36.0,3.4771608333790027,2538.249289,3.7915655084646858,2538.249289
2150.831878,normal,1786023436927848000,37.74865245795462,0,0,39.0,36.0,3.4771608333790027,2541.250931,3.7915655084646858,2541.250931
2153.834541,normal,1786023439930511000,37.65977970611747,0,0,39.0,36.0,3.4771608333790027,2544.256105,3.7915655084646858,2544.256105
2156.835961,normal,1786023442931931000,37.57896120887604,0,0,39.0,36.0,3.4771608333790027,2547.263245,3.7915655084646858,2547.263245
2159.840049,normal,1786023445936019000,37.42590826146446,0,0,39.0,36.0,3.4771608333790027,2550.266607,3.7915655084646858,2550.266607
2162.843658,normal,1786023448939628000,37.43673984193648,0,0,39.0,36.0,3.4771608333790027,2553.269929,3.7915655084646858,2553.269929
2165.844725,normal,1786023451940695000,37.5698379884068,0,0,39.0,36.0,3.4771608333790027,2556.270626,3.7915655084646858,2556.270626
2168.896104,normal,1786023454992074000,37.61241836472947,0,0,39.0,36.0,3.4771608333790027,2559.27248,3.7915655084646858,2559.27248
2171.847811,normal,1786023457943781000,37.56191029851064,0,0,39.0,36.0,3.4771608333790027,2562.27944,3.7915655084646858,2562.27944
2174.853451,normal,1786023460949421000,37.454490423287965,0,0,39.0,36.0,3.4771608333790027,2565.278174,3.7915655084646858,2565.278174
2177.854987,normal,1786023463950957000,37.45273531220528,0,0,39.0,36.0,3.4771608333790027,2568.284798,3.7915655084646858,2568.284798
2180.86013,normal,1786023466956100000,37.343757617842854,0,0,39.0,36.0,3.4771608333790027,2571.288624,3.7915655084646858,2571.288624
2183.861559,normal,1786023469957529000,37.311750077650586,0,0,39.0,36.0,3.4771608333790027,2574.288624,3.7915655084646858,2574.288624
2186.863553,normal,1786023472959523000,37.002171061660405,0,0,39.0,36.0,3.4771608333790027,2577.296678,3.7915655084646858,2577.296678
2189.867857,normal,1786023475963827000,36.93686240645064,0,0,39.0,36.0,3.4771608333790027,2580.295067,3.7915655084646858,2580.295067
2192.863284,normal,1786023478959254000,36.849516659063674,0,0,39.0,36.0,3.4771608333790027,2583.303603,3.7915655084646858,2583.303603
2195.868678,normal,1786023481964648000,36.86109159868095,0,0,39.0,36.0,3.4771608333790027,2586.306337,3.7915655084646858,2586.306337
2198.869817,normal,1786023484965787000,36.64011629080253,0,0,39.0,36.0,3.4771608333790027,2589.306576,3.7915655084646858,2589.306576
2201.871745,normal,1786023487967715000,36.55968882076223,0,0,39.0,36.0,3.4771608333790027,2592.312016,3.7915655084646858,2592.312016
2204.876109,normal,1786023490972079000,36.46077493582496,0,0,39.0,36.0,3.4771608333790027,2595.312214,3.7915655084646858,2595.312214
2207.878651,normal,1786023493974621000,36.33055275197571,0,0,39.0,36.0,3.4771608333790027,2598.318291,3.7915655084646858,2598.318291
2210.879736,normal,1786023496975706000,36.21988226013285,0,0,39.0,36.0,3.4771608333790027,2601.318539,3.7915655084646858,2601.318539
2213.886329,normal,1786023499982299000,36.10229507527677,0,0,39.0,36.0,3.4771608333790027,2604.326148,3.7915655084646858,2604.326148
2216.889205,normal,1786023502985175000,36.05335200022966,0,0,39.0,36.0,3.4771608333790027,2607.32931,3.7915655084646858,2607.32931
2219.891249,normal,1786023505987219000,35.910887513161704,0,0,39.0,36.0,3.4771608333790027,2610.332505,3.7915655084646858,2610.332505
2222.890979,normal,1786023508986949000,35.92795045239007,1,0,39.0,36.0,3.4771608333790027,2613.333366,3.7915655084646858,2613.333366
2225.893795,normal,1786023511989765000,36.05048906406546,1,0,39.0,36.0,3.4771608333790027,2616.336499,3.7915655084646858,2616.336499
2228.896501,normal,1786023514992471000,36.10210118135587,1,0,39.0,36.0,3.4771608333790027,2619.341308,3.7915655084646858,2619.341308
2231.900538,normal,1786023517996508000,35.98906456093405,1,0,39.0,36.0,3.3847353434181926,2622.349085,3.7915655084646858,2622.349085
2234.90631,normal,1786023521002280000,35.95455944870867,1,0,39.0,36.0,3.3847353434181926,2625.351332,3.7915655084646858,2625.351332
2237.906826,normal,1786023524002796000,35.89172860649552,1,0,39.0,36.0,3.2941420402622867,2628.359031,3.7915655084646858,2628.359031
2240.909481,normal,1786023527005451000,35.89916595891071,1,0,39.0,36.0,3.1343373773194614,2631.363164,3.7915655084646858,2631.363164
2243.912715,normal,1786023530008685000,35.87016199842847,1,0,39.0,36.0,3.0578366701510333,2634.364862,3.7915655084646858,2634.364862
2246.919881,normal,1786023533015851000,35.821017962580086,1,0,39.0,36.0,2.8455525952936824,2637.361975,3.7915655084646858,2637.361975
2249.919147,normal,1786023536015117000,35.69310484967648,1,0,39.0,36.0,2.833450564303405,2640.367749,3.7915655084646858,2640.367749
2252.920808,normal,1786023539016778000,35.6800351282706,1,0,39.0,36.0,2.833450564303405,2643.368227,3.7915655084646858,2643.368227
2255.925633,normal,1786023542021603000,35.63332623912193,1,0,39.0,36.0,2.833450564303405,2646.374084,3.7915655084646858,2646.374084
2258.93077,normal,1786023545026740000,35.522839166621,1,0,39.0,36.0,2.833450564303405,2649.378061,3.7915655084646858,2649.378061
2261.933502,normal,1786023548029472000,35.62712962355393,1,0,39.0,36.0,2.833450564303405,2652.378592,3.7915655084646858,2652.378592
2264.940554,normal,1786023551036524000,35.61526465658181,1,0,39.0,36.0,2.833450564303405,2655.379981,3.7915655084646858,2655.379981
2267.940727,normal,1786023554036697000,35.70585795973771,1,0,39.0,36.0,2.8004208859580544,2658.384391,3.7915655084646858,2658.384391
2270.94583,normal,1786023557041800000,35.86566262268054,1,0,39.0,36.0,2.8004208859580544,2661.386856,3.7915655084646858,2661.386856
2273.947564,normal,1786023560043534000,35.94216332984897,1,0,39.0,36.0,2.8004208859580544,2664.423761,3.7915655084646858,2664.423761
2276.951623,normal,1786023563047593000,36.15444740470632,1,0,39.0,36.0,2.6718028992899576,2667.38956,3.7915655084646858,2667.38956
2279.953043,normal,1786023566049013000,36.25642603034199,1,0,39.0,36.0,2.6718028992899576,2670.397911,3.7915655084646858,2670.397911
2282.96008,normal,1786023569056050000,36.29410070586889,1,0,39.0,36.0,2.6492294299650325,2673.399537,3.7915655084646858,2673.399537
2285.966293,normal,1786023572062263000,36.2255061815244,1,0,39.0,36.0,2.6492294299650325,2676.403037,3.7915655084646858,2676.403037
2288.968086,normal,1786023575064056000,36.250881907825125,1,0,39.0,36.0,2.533626747304801,2679.408683,3.7915655084646858,2679.408683
2291.973249,normal,1786023578069219000,36.251506886149635,1,0,39.0,36.0,2.533626747304801,2682.409048,3.7915655084646858,2682.409048
2294.974636,normal,1786023581070606000,36.166549435696595,1,0,39.0,36.0,2.533626747304801,2685.410459,3.7915655084646858,2685.410459
2297.982204,normal,1786023584078174000,36.20093360146086,1,0,39.0,36.0,2.5297325786142792,2688.414546,3.7915655084646858,2688.414546
2300.985703,normal,1786023587081673000,36.22167552830609,1,0,39.0,36.0,2.5297325786142792,2691.418171,3.7915655084646858,2691.418171
2303.993092,normal,1786023590089062000,36.199579114041946,1,0,39.0,36.0,2.480501241545582,2694.424128,3.7915655084646858,2694.424128
2306.994488,normal,1786023593090458000,36.3573457828251,1,0,39.0,36.0,2.3162719815211688,2697.425838,3.7915655084646858,2697.425838
2309.996752,normal,1786023596092722000,36.32819710071004,1,0,39.0,36.0,2.290294375091243,2700.43117,3.7915655084646858,2700.43117
2313.003582,normal,1786023599099552000,36.40382297648931,1,0,39.0,36.0,2.290294375091243,2703.435683,3.7915655084646858,2703.435683
2316.005509,normal,1786023602101479000,36.35077057003497,1,0,39.0,36.0,2.2833767674223253,2706.442902,3.7915655084646858,2706.442902
2319.007175,normal,1786023605103145000,36.6393985607001,1,0,39.0,36.0,2.2833767674223253,2709.440057,3.7915655084646858,2709.440057
2322.010798,normal,1786023608106768000,36.62704479181141,1,0,39.0,36.0,2.172124947732428,2712.445673,3.7915655084646858,2712.445673
2325.015153,normal,1786023611111123000,36.4663732526952,1,0,39.0,36.0,2.0656931061818966,2715.445295,3.7915655084646858,2715.445295
2328.018402,normal,1786023614114372000,36.484345680906465,1,0,39.0,36.0,2.0494115149021184,2718.448208,3.7915655084646858,2718.448208
2331.024816,normal,1786023617120786000,36.47026742138572,1,0,39.0,36.0,1.9990777549358256,2721.450045,3.7915655084646858,2721.450045
2334.02638,normal,1786023620122350000,36.51949875845442,1,0,39.0,36.0,1.9990777549358256,2724.45529,3.7915655084646858,2724.45529
2337.030691,normal,1786023623126661000,36.68372801847883,1,0,39.0,36.0,1.690697685605862,2727.455551,3.7915655084646858,2727.455551
2340.034114,normal,1786023626130084000,36.725965072731874,1,0,39.0,36.0,1.690697685605862,2730.460078,3.7915655084646858,2730.460078
2343.041732,normal,1786023629137702000,36.70970562490876,1,0,39.0,36.0,1.690697685605862,2733.465155,3.7915655084646858,2733.465155
2346.04843,normal,1786023632144400000,36.78442566349833,1,0,39.0,36.0,1.690697685605862,2736.4718,3.7915655084646858,2736.4718
2349.045875,normal,1786023635141845000,36.716623232577675,1,0,39.0,36.0,1.690697685605862,2739.472221,3.7915655084646858,2739.472221
2352.049809,normal,1786023638145779000,36.82787505226757,1,0,39.0,36.0,1.690697685605862,2742.476782,3.7915655084646858,2742.476782
2355.056683,normal,1786023641152653000,36.9343068938181,1,0,39.0,36.0,1.690697685605862,2745.481317,3.7915655084646858,2745.481317
2358.056841,normal,1786023644152811000,36.95058848509788,1,0,39.0,36.0,1.690697685605862,2748.487679,3.7915655084646858,2748.487679
2361.06133,normal,1786023647157300000,37.00123795190952,1,0,39.0,36.0,1.690697685605862,2751.488851,3.7915655084646858,2751.488851
2364.064553,normal,1786023650160523000,37.000922245064174,1,0,39.0,36.0,1.690697685605862,2754.494874,3.7915655084646858,2754.494874
2367.066497,normal,1786023653162467000,37.30930231439414,1,0,39.0,36.0,1.690697685605862,2757.505738,3.7915655084646858,2757.505738
2370.066527,normal,1786023656162497000,37.366631938679454,1,0,39.0,36.0,1.878512045737487,2760.508292,3.7915655084646858,2760.508292
2373.071574,normal,1786023659167544000,37.61385667376,1,0,39.0,36.0,1.963528062422661,2763.511755,3.7915655084646858,2763.511755
2376.074154,normal,1786023662170124000,37.69760502930118,1,0,39.0,36.0,1.963528062422661,2766.51567,3.7915655084646858,2766.51567
2379.072591,normal,1786023665168561000,37.78658627464766,1,0,39.0,36.0,1.985350473147399,2769.521592,3.7915655084646858,2769.521592
2382.076976,normal,1786023668172946000,37.76716069549851,1,0,39.0,36.0,2.0339451294259376,2772.523019,3.7915655084646858,2772.523019
2385.075874,normal,1786023671171844000,37.8378542807446,1,0,39.0,36.0,2.1464662284835967,2775.530074,3.7915655084646858,2775.530074
2388.085885,normal,1786023674181855000,37.792427458270886,1,0,39.0,36.0,2.1464662284835967,2778.530934,3.7915655084646858,2778.530934
2391.087045,normal,1786023677183015000,37.99919886624341,1,0,39.0,36.0,2.1464662284835967,2781.533431,3.7915655084646858,2781.533431
2394.089696,normal,1786023680185666000,37.93001030780445,1,0,39.0,36.0,2.1464662284835967,2784.538101,3.7915655084646858,2784.538101
2397.097934,normal,1786023683193904000,37.94801238482874,1,0,39.0,36.0,2.1464662284835967,2787.542867,3.7915655084646858,2787.542867
2400.097748,normal,1786023686193718000,38.15535040411454,1,0,39.0,36.0,2.2084394830670533,2790.542893,3.7915655084646858,2790.542893
2403.104446,normal,1786023689200416000,38.35646084086423,1,0,39.0,36.0,2.2084394830670533,2793.545669,3.7915655084646858,2793.545669
2406.104507,normal,1786023692200477000,38.30231922246997,1,0,39.0,36.0,2.2084394830670533,2796.549881,3.7915655084646858,2796.549881
2409.107293,normal,1786023695203263000,38.325862249732616,1,0,39.0,36.0,2.296278854287074,2799.554951,3.7915655084646858,2799.554951
2412.112597,normal,1786023698208567000,38.39407798256898,1,0,39.0,36.0,2.296278854287074,2802.562043,3.7915655084646858,2802.562043
2415.117357,normal,1786023701213327000,38.66452492946445,1,0,39.0,36.0,2.296278854287074,2805.567264,3.7915655084646858,2805.567264
2418.119751,normal,1786023704215721000,38.52172357191502,1,0,39.0,36.0,2.3361348122391945,2808.572907,3.7915655084646858,2808.572907
2421.124437,normal,1786023707220407000,38.61878017137988,1,0,39.0,36.0,2.504829228777517,2811.572826,3.7915655084646858,2811.572826
2424.128111,normal,1786023710224081000,38.65892036381234,1,0,39.0,36.0,2.504829228777517,2814.578085,3.7915655084646858,2814.578085
2427.131646,normal,1786023713227616000,38.66509410831046,1,0,39.0,36.0,2.504829228777517,2817.582789,3.7915655084646858,2817.582789
2430.130899,normal,1786023716226869000,38.60509767413165,1,0,39.0,36.0,2.504829228777517,2820.587149,3.7915655084646858,2820.587149
2433.137661,normal,1786023719233631000,38.656457324302366,1,0,39.0,36.0,2.504829228777517,2823.58879,3.7915655084646858,2823.58879
2436.14163,normal,1786023722237600000,38.726943700997005,1,0,39.0,36.0,2.624905733381368,2826.590176,3.7915655084646858,2826.590176
2439.147611,normal,1786023725243581000,38.69632160067171,1,0,39.0,36.0,2.681484264006528,2829.59565,3.7915655084646858,2829.59565
2442.146702,normal,1786023728242672000,38.78088003289685,1,0,39.0,36.0,2.7534324890417494,2832.599799,3.7915655084646858,2832.599799
2445.152357,normal,1786023731248327000,38.90131022688085,1,0,39.0,36.0,2.9899508649907105,2835.600687,3.7915655084646858,2835.600687
2448.152645,normal,1786023734248615000,38.97955827655678,1,0,39.0,36.0,3.133822577505896,2838.601657,3.7915655084646858,2838.601657
2451.158907,normal,1786023737254877000,39.188554732424045,1,0,39.0,36.0,3.177356558078067,2841.602503,3.7915655084646858,2841.602503
2454.161465,normal,1786023740257435000,39.311390932650944,0,0,39.0,36.0,4.382559973884547,2844.609731,3.7915655084646858,2844.609731
2457.158781,normal,1786023743254751000,39.26936299779813,0,0,39.0,36.0,5.458680600253615,2847.609972,3.7915655084646858,2847.609972
2460.160567,normal,1786023746256537000,39.398623093760904,0,0,39.0,36.0,6.3315286149231085,2850.616955,3.7915655084646858,2850.616955
2463.167938,normal,1786023749263908000,39.32584530017247,0,0,39.0,36.0,7.271070812196683,2853.619948,3.7915655084646858,2853.619948
2466.170757,normal,1786023752266727000,39.33688926708962,0,0,39.0,36.0,7.970137876653823,2856.627437,3.7915655084646858,2856.627437
2469.173705,normal,1786023755269675000,39.20410055881559,0,0,39.0,36.0,8.660342760525683,2859.632407,3.77686780060479,2859.632407
2472.181971,normal,1786023758277941000,39.40159088984289,0,0,39.0,36.0,9.3924439120958,2862.634292,3.7342916709188785,2862.634292
2475.186448,normal,1786023761282418000,39.56295534646526,0,0,39.0,36.0,10.03321219843603,2865.635713,3.7342916709188785,2865.635713
2478.191967,normal,1786023764287937000,39.580804924158045,0,0,39.0,36.0,10.263581867028552,2868.636104,3.7342916709188785,2868.636104
2481.192093,normal,1786023767288063000,39.70781716775433,0,0,39.0,36.0,10.83558231738559,2871.639805,3.7342916709188785,2871.639805
2484.19445,normal,1786023770290420000,39.562195750505566,0,0,39.0,36.0,11.132567081282048,2874.643635,3.7342916709188785,2874.643635
2487.199456,normal,1786023773295426000,39.441844336032254,0,0,39.0,36.0,11.55757748661885,2877.645582,3.7342916709188785,2877.645582
2490.203303,normal,1786023776299273000,39.53439725922529,0,0,39.0,36.0,11.834947767894024,2880.650591,3.7342916709188785,2880.650591
2493.202464,normal,1786023779298434000,39.659064164373085,0,0,39.0,36.0,12.0883800705522,2883.656146,3.6214835819490783,2883.656146
2496.276278,normal,1786023782372248000,39.791565508464686,0,0,39.0,36.0,12.225802230652056,2886.657643,3.610960162595695,2886.657643
2499.21007,normal,1786023785306040000,39.77686780060479,0,0,39.0,36.0,12.554663368136987,2889.66565,3.5924393273465256,2889.66565
2502.210415,normal,1786023788306385000,39.69740222809935,0,0,39.0,36.0,12.881510431115508,2892.662465,3.5924393273465256,2892.662465
2505.209912,normal,1786023791305882000,39.58571220411471,0,0,39.0,36.0,12.966775040705752,2895.671671,3.5924393273465256,2895.671671
2508.215903,normal,1786023794311873000,39.61662895785151,0,0,39.0,36.0,13.010000772194656,2898.674704,3.5924393273465256,2898.674704
2511.218982,normal,1786023797314952000,39.563801642406816,0,0,39.0,36.0,13.350365516473747,2901.673626,3.5924393273465256,2901.673626
2514.223303,normal,1786023800319273000,39.55589677878953,0,0,39.0,36.0,13.481954736619567,2904.680965,3.5924393273465256,2904.680965
2517.221807,normal,1786023803317777000,39.66762125133447,0,0,39.0,36.0,13.481954736619567,2907.680657,3.5924393273465256,2907.680657
2520.225098,normal,1786023806321068000,39.73429167091888,0,0,39.0,36.0,13.531311835151564,2910.682634,3.5924393273465256,2910.682634
2523.224578,normal,1786023809320548000,39.62148358194908,0,0,39.0,36.0,13.69533792017215,2913.687488,3.5169673060499704,2913.687488
2526.228627,normal,1786023812324597000,39.610960162595696,0,0,39.0,36.0,13.75615333568438,2916.692718,3.5169673060499704,2916.692718
2529.232712,normal,1786023815328682000,39.41522662884652,0,0,39.0,36.0,13.75615333568438,2919.696872,3.5169673060499704,2919.696872
2532.23809,normal,1786023818334060000,39.33453593437827,0,0,39.0,36.0,13.75615333568438,2922.698518,3.5169673060499704,2922.698518
2535.240375,normal,1786023821336345000,39.31576740695647,0,0,39.0,36.0,13.759351136573144,2925.697743,3.5169673060499704,2925.697743
2538.249289,normal,1786023824345259000,39.44409496788217,0,0,39.0,36.0,13.931163577681636,2928.706837,3.5169673060499704,2928.706837
2541.250931,normal,1786023827346901000,39.45318755750221,0,0,39.0,36.0,13.990662257167056,2931.708706,3.479201896066506,2931.708706
2544.256105,normal,1786023830352075000,39.45879363531149,0,0,39.0,36.0,14.033891627634617,2934.712454,3.4656709782736783,2934.712454
2547.263245,normal,1786023833359215000,39.53955468896354,0,0,39.0,36.0,14.23357926087684,2937.713739,3.392909915910174,2937.713739
2550.266607,normal,1786023836362577000,39.592439327346526,0,0,39.0,36.0,14.25695121958761,2940.722371,3.3550639442834154,2940.722371
2553.269929,normal,1786023839365899000,39.344492653835815,0,0,39.0,36.0,14.25695121958761,2943.719953,3.2927999430523087,2943.719953
2556.270626,normal,1786023842366596000,39.295231134909166,0,0,39.0,36.0,14.25695121958761,2946.727235,3.2927999430523087,2946.727235
2559.27248,normal,1786023845368450000,39.274544133324206,0,0,39.0,36.0,14.296979434156668,2949.73103,3.2927999430523087,2949.73103
2562.27944,normal,1786023848375410000,39.36962680778096,0,0,39.0,36.0,14.296979434156668,2952.736626,3.1088706101338133,2952.736626
2565.278174,normal,1786023851374144000,39.40149507698547,0,0,39.0,36.0,14.296979434156668,2955.741411,3.1088706101338133,2955.741411
2568.284798,normal,1786023854380768000,39.51696730604997,0,0,39.0,36.0,14.296979434156668,2958.747634,3.1088706101338133,2958.747634
2571.288624,normal,1786023857384594000,39.479201896066506,0,0,39.0,36.0,14.385468848785996,2961.752448,3.1088706101338133,2961.752448
2574.288624,normal,1786023860384594000,39.46567097827368,0,0,39.0,36.0,14.486858016923364,2964.756771,3.1088706101338133,2964.756771
2577.296678,normal,1786023863392648000,39.392909915910174,0,0,39.0,36.0,14.486858016923364,2967.758264,3.1088706101338133,2967.758264
2580.295067,normal,1786023866391037000,39.355063944283415,0,0,39.0,36.0,14.515857697395816,2970.762936,3.1088706101338133,2970.762936
2583.303603,normal,1786023869399573000,39.26158655646026,0,0,39.0,36.0,14.56499734950603,2973.767878,2.963839935725374,2973.767878
2586.306337,normal,1786023872402307000,39.24843305937153,0,0,39.0,36.0,14.56499734950603,2976.771221,2.8634324170949697,2976.771221
2589.306576,normal,1786023875402546000,39.29279994305231,0,0,39.0,36.0,14.570745016545407,2979.774124,2.674240798345757,2979.774124
2592.312016,normal,1786023878407986000,39.006852912357346,0,0,39.0,36.0,14.833500539409307,2982.775157,2.674240798345757,2982.775157
2595.312214,normal,1786023881408184000,38.86054838967856,0,0,39.0,36.0,14.833500539409307,2985.781721,2.633414120185172,2985.781721
2598.318291,normal,1786023884414261000,38.94278329137141,0,0,39.0,36.0,14.833500539409307,2988.78024,2.633414120185172,2988.78024
2601.318539,normal,1786023887414509000,38.81583580670498,0,0,39.0,36.0,14.833500539409307,2991.788889,2.521970517925247,2991.788889
2604.326148,normal,1786023890422118000,38.98906160550429,0,0,39.0,36.0,14.833500539409307,2994.79215,2.4233532138760197,2994.79215
2607.32931,normal,1786023893425280000,39.07984642211225,0,0,39.0,36.0,14.833500539409307,2997.794554,2.4233532138760197,2997.794554
2610.332505,normal,1786023896428475000,39.10887061013381,0,0,39.0,36.0,14.833500539409307,3000.793089,2.4233532138760197,3000.793089
2613.333366,normal,1786023899429336000,38.963839935725375,0,0,39.0,36.0,14.833500539409307,3003.795902,2.395634955562201,3003.795902
2616.336499,normal,1786023902432469000,38.86343241709497,0,0,39.0,36.0,14.833500539409307,3006.797639,2.395634955562201,3006.797639
2619.341308,normal,1786023905437278000,38.65333336074333,0,0,39.0,36.0,14.864007595826385,3009.800817,2.395634955562201,3009.800817
2622.349085,normal,1786023908445055000,38.67424079834576,0,0,39.0,36.0,14.867729434386192,3012.80479,2.395634955562201,3012.80479
2625.351332,normal,1786023911447302000,38.587003637586726,0,0,39.0,36.0,14.867729434386192,3015.807138,2.395634955562201,3015.807138
2628.359031,normal,1786023914455001000,38.63341412018517,0,0,39.0,36.0,14.867729434386192,3018.805325,2.395634955562201,3018.805325
2631.363164,normal,1786023917459134000,38.52197051792525,0,0,39.0,36.0,14.867729434386192,3021.812789,2.395634955562201,3021.812789
2634.364862,normal,1786023920460832000,38.32816081320896,0,0,39.0,36.0,14.873646485859563,3024.816753,2.332044101506888,3024.816753
2637.361975,normal,1786023923457945000,38.21548623171512,0,0,39.0,36.0,14.88196525723557,3027.820979,2.332044101506888,3027.820979
2640.367749,normal,1786023926463719000,38.42335321387602,0,0,39.0,36.0,14.89972039518603,3030.823228,2.332044101506888,3030.823228
2643.368227,normal,1786023929464197000,38.23147569361613,0,0,39.0,36.0,14.96671516546956,3033.826729,2.125658149541792,3033.826729
2646.374084,normal,1786023932470054000,38.242954157901174,0,0,39.0,36.0,14.96671516546956,3036.82963,1.8689810990361764,3036.82963
2649.378061,normal,1786023935474031000,38.32513665652309,0,0,39.0,36.0,14.96671516546956,3039.831351,1.762596613741202,3039.831351
2652.378592,normal,1786023938474562000,38.352677463835334,0,0,39.0,36.0,14.96671516546956,3042.837841,1.762596613741202,3042.837841
2655.379981,normal,1786023941475951000,38.365252049837515,0,0,39.0,36.0,14.96671516546956,3045.84169,1.762596613741202,3045.84169
2658.384391,normal,1786023944480361000,38.243618313933254,0,0,39.0,36.0,14.96671516546956,3048.847678,1.762596613741202,3048.847678
2661.386856,normal,1786023947482826000,38.3956349555622,0,0,39.0,36.0,14.96671516546956,3051.846704,1.762596613741202,3051.846704
2664.423761,normal,1786023950519731000,38.309090566779645,0,0,39.0,36.0,14.96671516546956,3054.848763,1.7601986592739252,3054.848763
2667.38956,normal,1786023953485530000,38.31287716194576,0,0,39.0,36.0,14.96671516546956,3057.854449,1.7601986592739252,3057.854449
2670.397911,normal,1786023956493881000,38.33204410150689,0,0,39.0,36.0,14.96671516546956,3060.859601,1.7601986592739252,3060.859601
2673.399537,normal,1786023959495507000,38.12565814954179,0,0,39.0,36.0,14.96671516546956,3063.858481,1.710888485998126,3063.858481
2676.403037,normal,1786023962499007000,37.868981099036176,0,0,39.0,36.0,14.96671516546956,3066.860748,1.710888485998126,3066.860748
2679.408683,normal,1786023965504653000,37.64109385417194,0,0,39.0,36.0,14.96671516546956,3069.860008,1.710888485998126,3069.860008
2682.409048,normal,1786023968505018000,37.70572421050856,0,0,39.0,36.0,14.96671516546956,3072.86262,1.5522516286665535,3072.86262
2685.410459,normal,1786023971506429000,37.74499775649308,0,0,39.0,36.0,14.96671516546956,3075.866471,1.5119123688264295,3075.866471
2688.414546,normal,1786023974510516000,37.74580345372832,0,0,39.0,36.0,14.96671516546956,3078.883227,1.443567012159107,3078.883227
2691.418171,normal,1786023977514141000,37.7625966137412,0,0,39.0,36.0,14.96671516546956,3081.874359,1.4369281671520395,3081.874359
2694.424128,normal,1786023980520098000,37.737347682913416,0,0,39.0,36.0,14.96671516546956,3084.880657,1.330738399122957,3084.880657
2697.425838,normal,1786023983521808000,37.75128810276011,0,0,39.0,36.0,14.96671516546956,3087.88772,1.17295914201857,3087.88772
2700.43117,normal,1786023986527140000,37.760198659273925,0,0,39.0,36.0,14.96671516546956,3090.88807,1.17295914201857,3090.88807
2703.435683,normal,1786023989531653000,37.67418796928974,0,0,39.0,36.0,14.96671516546956,3093.888464,1.17295914201857,3093.888464
2706.442902,normal,1786023992538872000,37.540378570578,0,0,39.0,36.0,14.96671516546956,3096.896827,1.014649526852601,3096.896827
2709.440057,normal,1786023995536027000,37.710888485998126,0,0,39.0,36.0,14.96671516546956,3099.898374,1.0064794219531308,3099.898374
2712.445673,normal,1786023998541643000,37.55225162866655,0,0,39.0,36.0,14.96671516546956,3102.901753,1.0064794219531308,3102.901753
2715.445295,normal,1786024001541265000,37.51191236882643,0,0,39.0,36.0,15.017843504782451,3105.904483,1.0064794219531308,3105.904483
2718.448208,normal,1786024004544178000,37.44356701215911,0,0,39.0,36.0,15.05444215480675,3108.910315,1.0064794219531308,3108.910315
2721.450045,normal,1786024007546015000,37.43692816715204,0,0,39.0,36.0,15.05444215480675,3111.925265,0.9671947725563256,3111.925265
2724.45529,normal,1786024010551260000,37.33073839912296,0,0,39.0,36.0,15.05444215480675,3114.932167,0.9514305500285118,3114.932167
2727.455551,normal,1786024013551521000,37.12148795426251,0,0,39.0,36.0,15.18824333292768,3117.935677,0.9514305500285118,3117.935677
2730.460078,normal,1786024016556048000,37.03647193757734,0,0,39.0,36.0,15.18824333292768,3120.937294,0.9514305500285118,3120.937294
2733.465155,normal,1786024019561125000,37.17295914201857,0,0,39.0,36.0,15.18824333292768,3123.939824,0.8731352869874343,3123.939824
2736.4718,normal,1786024022567770000,37.0146495268526,0,0,39.0,36.0,15.18824333292768,3126.945622,0.8065080226054135,3126.945622
2739.472221,normal,1786024025568191000,36.96605487057406,0,0,39.0,36.0,15.18824333292768,3129.948708,0.8065080226054135,3129.948708
2742.476782,normal,1786024028572752000,36.8535337715164,0,0,39.0,36.0,15.18824333292768,3133.005403,0.8065080226054135,3133.005403
2745.481317,normal,1786024031577287000,36.94350117058023,0,0,39.0,36.0,15.18824333292768,3136.007711,0.6638651877608055,3136.007711
2748.487679,normal,1786024034583649000,37.00647942195313,0,0,39.0,36.0,15.18824333292768,3139.014256,0.609907541682297,3139.014256
2751.488851,normal,1786024037584821000,36.967194772556326,0,0,39.0,36.0,15.18824333292768,3142.019487,0.609907541682297,3142.019487
2754.494874,normal,1786024040590844000,36.874906857970274,0,0,39.0,36.0,15.18824333292768,3145.022538,0.609907541682297,3145.022538
2757.505738,normal,1786024043601708000,36.79156051693295,0,0,39.0,36.0,15.18824333292768,3148.019613,0.609907541682297,3148.019613
2760.508292,normal,1786024046604262000,36.95143055002851,0,0,39.0,36.0,15.18824333292768,3151.028102,0.5558477550461092,3151.028102
2763.511755,normal,1786024049607725000,36.873135286987434,0,0,39.0,36.0,15.18824333292768,3154.031569,0.3750942666186319,3154.031569
2766.51567,normal,1786024052611640000,36.703721145712926,0,0,39.0,36.0,15.18824333292768,3157.036533,0.318515735993472,3157.036533
2769.521592,normal,1786024055617562000,36.77807020297016,0,0,39.0,36.0,15.18824333292768,3160.042514,0.2465675109582505,3160.042514
2772.523019,normal,1786024058618989000,36.80650802260541,0,0,39.0,36.0,15.18824333292768,3163.047568,0.0100491350092895,3163.047568
2775.530074,normal,1786024061626044000,36.663865187760805,0,0,39.0,36.0,15.18824333292768,3166.050048,-0.1338225775058958,3166.050048
2778.530934,normal,1786024064626904000,36.49517077122248,0,0,39.0,36.0,15.18824333292768,3169.053288,-0.1773565580780669,3169.053288
2781.533431,normal,1786024067629401000,36.5915055123206,0,0,39.0,36.0,15.18824333292768,3172.054408,-1.3825599738845469,3172.054408
2784.538101,normal,1786024070634071000,36.55989495331851,0,0,39.0,36.0,15.18824333292768,3175.054562,-2.458680600253615,3175.054562
2787.542867,normal,1786024073638837000,36.6099075416823,0,0,39.0,36.0,15.18824333292768,3178.057831,-3.3315286149231085,3178.057831
2790.542893,normal,1786024076638863000,36.55584775504611,0,0,39.0,36.0,15.230321836929395,3181.059914,-4.271070812196683,3181.059914
2793.545669,normal,1786024079641639000,36.37509426661863,0,0,39.0,36.0,15.230321836929395,3184.059786,-4.970137876653823,3184.059786
2796.549881,normal,1786024082645851000,36.31851573599347,0,0,39.0,36.0,15.290418277236364,3187.069544,-5.660342760525683,3187.069544
2799.554951,normal,1786024085650921000,36.24656751095825,0,0,39.0,36.0,15.290418277236364,3190.070981,-6.3924439120958,3190.070981
2802.562043,normal,1786024088658013000,36.01004913500929,0,0,39.0,36.0,15.290418277236364,3193.076239,-7.033212198436029,3193.076239
2805.567264,normal,1786024091663234000,35.866177422494104,0,0,39.0,36.0,15.290418277236364,3196.079917,-7.263581867028552,3196.079917
2808.572907,normal,1786024094668877000,35.82264344192193,1,0,39.0,36.0,15.290418277236364,3199.076647,-7.83558231738559,3199.076647
2811.572826,lid_open,1786024097668796000,34.61744002611545,1,1,39.0,36.0,15.290418277236364,3202.08467,-8.132567081282048,3202.08467
2814.578085,lid_open,1786024100674055000,33.541319399746385,1,1,39.0,36.0,15.290418277236364,3205.08298,-8.55757748661885,3205.08298
2817.582789,lid_open,1786024103678759000,32.66847138507689,1,1,39.0,36.0,15.314340273822246,3208.085448,-8.834947767894025,3208.085448
2820.587149,lid_open,1786024106683119000,31.728929187803317,1,1,39.0,36.0,15.314340273822246,3211.091009,-9.0883800705522,3211.091009
2823.58879,lid_open,1786024109684760000,31.029862123346177,1,1,39.0,36.0,15.432957695695706,3214.098842,-9.225802230652056,3214.098842
2826.590176,lid_open,1786024112686146000,30.339657239474317,1,1,39.0,36.0,15.439614219524891,3217.101591,-9.554663368136987,3217.101591
2829.59565,lid_open,1786024115691620000,29.6075560879042,1,1,39.0,36.0,15.578346927402585,3220.10087,-9.881510431115508,3220.10087
2832.599799,lid_open,1786024118695769000,28.96678780156397,1,1,39.0,36.0,15.578346927402585,3223.10699,-9.966775040705752,3223.10699
2835.600687,lid_open,1786024121696657000,28.736418132971448,1,1,39.0,36.0,15.578346927402585,3226.105759,-10.010000772194656,3226.105759
2838.601657,lid_open,1786024124697627000,28.16441768261441,1,1,39.0,36.0,15.578346927402585,3229.114518,-10.350365516473747,3229.114518
2841.602503,lid_open,1786024127698473000,27.867432918717952,1,1,39.0,36.0,15.680496464998464,3232.118581,-10.393848454895508,3232.118581
2844.609731,lid_open,1786024130705701000,27.44242251338115,1,1,39.0,36.0,15.680496464998464,3235.120152,-10.393848454895508,3235.120152
2847.609972,lid_open,1786024133705942000,27.165052232105975,1,1,39.0,36.0,15.680496464998464,3238.122431,-10.531311835151564,3238.122431
2850.616955,lid_open,1786024136712925000,26.9116199294478,1,1,39.0,36.0,15.680496464998464,3241.127563,-10.69533792017215,3241.127563
2853.619948,lid_open,1786024139715918000,26.774197769347943,1,1,39.0,36.0,15.680496464998464,3244.129317,-10.715922502964538,3244.129317
2856.627437,lid_open,1786024142723407000,26.44533663186301,1,1,39.0,36.0,15.680496464998464,3247.132094,-10.715922502964538,3247.132094
2859.632407,lid_open,1786024145728377000,26.118489568884492,1,1,39.0,36.0,15.73001648715966,3250.135443,-10.715922502964538,3250.135443
2862.634292,lid_open,1786024148730262000,26.033224959294248,1,1,39.0,36.0,15.73001648715966,3253.14112,-10.759351136573144,3253.14112
2865.635713,lid_open,1786024151731683000,25.989999227805345,1,1,39.0,36.0,15.73001648715966,3256.14493,-10.931163577681636,3256.14493
2868.636104,lid_open,1786024154732074000,25.649634483526253,1,1,39.0,36.0,15.73001648715966,3259.151136,-10.990662257167056,3259.151136
2871.639805,lid_open,1786024157735775000,25.518045263380433,1,1,39.0,36.0,15.73001648715966,3262.155831,-11.033891627634617,3262.155831
2874.643635,lid_open,1786024160739605000,25.606151545104492,1,1,39.0,36.0,15.73001648715966,3265.154645,-11.183634161224688,3265.154645
2877.645582,lid_open,1786024163741552000,25.468688164848437,1,1,39.0,36.0,15.73001648715966,3268.159434,-11.183634161224688,3268.159434
2880.650591,lid_open,1786024166746561000,25.30466207982785,1,1,39.0,36.0,15.73001648715966,3271.161044,-11.183634161224688,3271.161044
2883.656146,lid_open,1786024169752116000,25.24384666431562,1,1,39.0,36.0,15.73001648715966,3274.165331,-11.183634161224688,3274.165331
2886.657643,lid_open,1786024172753613000,25.247599475306693,1,1,39.0,36.0,15.73001648715966,3277.16995,-11.183634161224688,3277.16995
2889.66565,lid_open,1786024175761620000,25.28407749703546,1,1,39.0,36.0,15.78429433607047,3280.175512,-11.183634161224688,3280.175512
2892.662465,lid_open,1786024178758435000,25.240648863426856,1,1,39.0,36.0,15.78429433607047,3283.176678,-11.183634161224688,3283.176678
2895.671671,lid_open,1786024181767641000,25.068836422318363,1,1,39.0,36.0,15.866120315616143,3286.178175,-11.183634161224688,3286.178175
2898.674704,lid_open,1786024184770674000,25.009337742832944,1,1,39.0,36.0,15.917296207617348,3289.184738,-11.36532542090458,3289.184738
2901.673626,lid_open,1786024187769596000,24.966108372365383,1,1,39.0,36.0,15.917296207617348,3292.184042,-11.36532542090458,3292.184042
2904.680965,lid_open,1786024190776935000,24.76642073912316,1,1,39.0,36.0,15.96345151474256,3295.186061,-11.36532542090458,3295.186061
2907.680657,lid_open,1786024193776627000,24.74304878041239,1,1,39.0,36.0,15.96345151474256,3298.189089,-11.36532542090458,3298.189089
2910.682634,lid_open,1786024196778604000,24.761916677127516,1,1,39.0,36.0,15.96345151474256,3301.19362,-11.36532542090458,3301.19362
2913.687488,lid_open,1786024199783458000,24.790656648261265,1,1,39.0,36.0,15.96345151474256,3304.198888,-11.36532542090458,3304.198888
2916.692718,lid_open,1786024202788688000,24.70302056584333,1,1,39.0,36.0,15.96345151474256,3307.203214,-11.36532542090458,3307.203214
2919.696872,lid_open,1786024205792842000,24.78353363443996,1,1,39.0,36.0,15.96345151474256,3310.205462,-11.36532542090458,3310.205462
2922.698518,lid_open,1786024208794488000,24.794299980320524,1,1,39.0,36.0,15.96345151474256,3313.208131,-11.36532542090458,3313.208131
2925.697743,lid_open,1786024211793713000,24.81636583877531,1,1,39.0,36.0,15.96345151474256,3316.207927,-11.36532542090458,3316.207927
2928.706837,lid_open,1786024214802807000,24.614531151214003,1,1,39.0,36.0,15.96345151474256,3319.208757,-11.36532542090458,3319.208757
2931.708706,lid_open,1786024217804676000,24.513141983076636,1,1,39.0,36.0,15.96345151474256,3322.211199,-11.36532542090458,3322.211199
2934.712454,lid_open,1786024220808424000,24.61999515126084,1,1,39.0,36.0,15.96345151474256,3325.217627,-11.36532542090458,3325.217627
2937.713739,lid_open,1786024223809709000,24.484142302604184,1,1,39.0,36.0,15.96345151474256,3328.222,-11.36532542090458,3328.222
2940.722371,lid_open,1786024226818341000,24.43500265049397,1,1,39.0,36.0,15.96345151474256,3331.227241,-11.36532542090458,3331.227241
2943.719953,lid_open,1786024229815923000,24.43713744768907,1,1,39.0,36.0,15.96345151474256,3334.231305,-11.36532542090458,3334.231305
2946.727235,lid_open,1786024232823205000,24.42925498345459,1,1,39.0,36.0,15.96345151474256,3337.23136,-11.36532542090458,3337.23136
2949.73103,lid_open,1786024235827000000,24.166499460590693,1,1,39.0,36.0,15.96345151474256,3340.23568,-11.36532542090458,3340.23568
2952.736626,lid_open,1786024238832596000,24.22775673769565,1,1,39.0,36.0,15.96345151474256,3343.237927,-11.36532542090458,3343.237927
2955.741411,lid_open,1786024241837381000,24.265942100542137,1,1,39.0,36.0,15.96345151474256,3346.240862,-11.36532542090458,3346.240862
2958.747634,lid_open,1786024244843604000,24.33030443683864,1,1,39.0,36.0,16.043307382405647,3349.246863,-11.36532542090458,3349.246863
2961.752448,lid_open,1786024247848418000,24.465586131019748,1,1,39.0,36.0,16.043307382405647,3352.255103,-11.36532542090458,3352.255103
2964.756771,lid_open,1786024250852741000,24.5810246211401,1,1,39.0,36.0,16.043307382405647,3355.259534,-11.36532542090458,3355.259534
2967.758264,lid_open,1786024253854234000,24.47949884406493,1,1,39.0,36.0,16.043307382405647,3358.258638,-11.36532542090458,3358.258638
2970.762936,lid_open,1786024256858906000,24.376966567876455,1,1,39.0,36.0,16.043307382405647,3361.260032,-11.36532542090458,3361.260032
2973.767878,lid_open,1786024259863848000,24.42214992285194,1,1,39.0,36.0,16.043307382405647,3364.267031,-11.36532542090458,3364.267031
2976.771221,lid_open,1786024262867191000,24.135992404173617,1,1,39.0,36.0,16.043307382405647,3367.268078,-11.36532542090458,3367.268078
2979.774124,lid_open,1786024265870094000,24.13227056561381,1,1,39.0,36.0,16.043307382405647,3370.271885,-11.36532542090458,3370.271885
2982.775157,lid_open,1786024268871127000,24.212770708985843,1,1,39.0,36.0,16.043307382405647,3373.271814,-11.36532542090458,3373.271814
2985.781721,lid_open,1786024271877691000,24.16852266118477,1,1,39.0,36.0,16.043307382405647,3376.278823,-11.36532542090458,3376.278823
2988.78024,lid_open,1786024274876210000,24.136612862342517,1,1,39.0,36.0,16.043307382405647,3379.285013,-11.36532542090458,3379.285013
2991.788889,lid_open,1786024277884859000,24.126353514140437,1,1,39.0,36.0,16.043307382405647,3382.289248,-11.36532542090458,3382.289248
2994.79215,lid_open,1786024280888120000,24.11803474276443,1,1,39.0,36.0,16.043307382405647,3385.294163,-11.36532542090458,3385.294163
2997.794554,lid_open,1786024283890524000,24.10027960481397,1,1,39.0,36.0,16.043307382405647,3388.29404,-11.36532542090458,3388.29404
3000.793089,lid_open,1786024286889059000,24.03328483453044,1,1,39.0,36.0,16.043307382405647,3391.293192,-11.36532542090458,3391.293192
3003.795902,lid_open,1786024289891872000,24.116969008431777,1,1,39.0,36.0,16.043307382405647,3394.299777,-11.36532542090458,3394.299777
3006.797639,lid_open,1786024292893609000,24.205830875155534,1,1,39.0,36.0,16.043307382405647,3397.307079,-11.36532542090458,3397.307079
3009.800817,lid_open,1786024295896787000,24.05069573040679,1,1,39.0,36.0,16.043307382405647,3400.310969,-11.36532542090458,3400.310969
3012.80479,lid_open,1786024298900760000,24.26263508872691,1,1,39.0,36.0,16.043307382405647,3403.309847,-11.36532542090458,3403.309847
3015.807138,lid_open,1786024301903108000,24.33431654640377,1,1,39.0,36.0,16.043307382405647,3406.311627,-11.36532542090458,3406.311627
3018.805325,lid_open,1786024304901295000,24.367303999682463,1,1,39.0,36.0,16.043307382405647,3409.313969,-11.36532542090458,3409.313969
3021.812789,lid_open,1786024307908759000,24.443980621115777,1,1,39.0,36.0,16.043307382405647,3412.318681,-11.36532542090458,3412.318681
3024.816753,lid_open,1786024310912723000,24.493687375461793,1,1,39.0,36.0,16.043307382405647,3415.322971,-11.36532542090458,3415.322971
3027.820979,lid_open,1786024313916949000,24.386356004780072,1,1,39.0,36.0,16.043307382405647,3418.324586,-11.36532542090458,3418.324586
3030.823228,lid_open,1786024316919198000,24.39104159426838,1,1,39.0,36.0,16.043307382405647,3421.329922,-11.41462239379682,3421.329922
3033.826729,lid_open,1786024319922699000,24.505310626760327,1,1,39.0,36.0,16.043307382405647,3424.335461,-11.557415267890336,3424.335461
3036.82963,lid_open,1786024322925600000,24.309958463759493,1,1,39.0,36.0,16.043307382405647,3427.336924,-11.817006426250757,3427.336924
3039.831351,lid_open,1786024325927321000,24.279861313145915,1,1,39.0,36.0,16.043307382405647,3430.341486,-11.817006426250757,3430.341486
3042.837841,lid_open,1786024328933811000,24.091340343067372,1,1,39.0,36.0,16.043307382405647,3433.345614,-11.817006426250757,3433.345614
3045.84169,lid_open,1786024331937660000,24.079184043096703,1,1,39.0,36.0,16.043307382405647,3436.348446,-11.817006426250757,3436.348446
3048.847678,lid_open,1786024334943648000,24.148811373997937,1,1,39.0,36.0,16.043307382405647,3439.350215,-11.817006426250757,3439.350215
3051.846704,lid_open,1786024337942674000,24.230095451428763,1,1,39.0,36.0,16.043307382405647,3442.355837,-11.817006426250757,3442.355837
3054.848763,lid_open,1786024340944733000,24.510759651499537,1,1,39.0,36.0,16.043307382405647,3445.359896,-11.817006426250757,3445.359896
3057.854449,lid_open,1786024343950419000,24.63467457909542,1,1,39.0,36.0,16.043307382405647,3448.362736,-11.817006426250757,3448.362736
3060.859601,lid_open,1786024346955571000,24.58537760620318,1,1,39.0,36.0,16.043307382405647,3451.365694,-11.817006426250757,3451.365694
3063.858481,lid_open,1786024349954451000,24.442584732109665,1,1,39.0,36.0,16.043307382405647,3454.36911,-11.817006426250757,3454.36911
3066.860748,lid_open,1786024352956718000,24.131295826522106,1,1,39.0,36.0,16.043307382405647,3457.370857,-11.817006426250757,3457.370857
3069.860008,lid_open,1786024355955978000,24.15780815035198,1,1,39.0,36.0,16.043307382405647,3460.372927,-11.817006426250757,3460.372927
3072.86262,lid_open,1786024358958590000,23.98215649521755,1,1,39.0,36.0,16.043307382405647,3463.375496,-11.817006426250757,3463.375496
3075.866471,lid_open,1786024361962441000,23.94555784519325,1,1,39.0,36.0,16.043307382405647,3466.379951,-11.817006426250757,3466.379951
3078.883227,lid_open,1786024364979197000,23.964674996364685,1,1,39.0,36.0,16.043307382405647,3469.382942,-11.817006426250757,3469.382942
3081.874359,lid_open,1786024367970329000,24.00313599828619,1,1,39.0,36.0,16.043307382405647,3472.388896,-11.817006426250757,3472.388896
3084.880657,lid_open,1786024370976627000,23.81175666707232,1,1,39.0,36.0,16.043307382405647,3475.387927,-11.817006426250757,3475.387927
3087.88772,lid_open,1786024373983690000,24.002691835970335,1,1,39.0,36.0,16.043307382405647,3478.39054,-11.817006426250757,3478.39054
3090.88807,lid_open,1786024376984040000,24.016056117043735,1,1,39.0,36.0,16.043307382405647,3481.392754,-11.817006426250757,3481.392754
3093.888464,lid_open,1786024379984434000,24.02192550854506,1,1,39.0,36.0,16.043307382405647,3484.398845,-11.817006426250757,3484.398845
3096.896827,lid_open,1786024382992797000,23.914455598651777,1,1,39.0,36.0,16.043307382405647,3487.404031,-11.817006426250757,3487.404031
3099.898374,lid_open,1786024385994344000,23.8631503044906,1,1,39.0,36.0,16.043307382405647,3490.406107,-11.817006426250757,3490.406107
3102.901753,lid_open,1786024388997723000,23.81408913733454,1,1,39.0,36.0,16.043307382405647,3493.41037,-11.93136296190766,3493.41037
3105.904483,lid_open,1786024392000453000,23.871622633237628,1,1,39.0,36.0,16.043307382405647,3496.41658,-11.93136296190766,3496.41658
3108.910315,lid_open,1786024395006285000,23.959983122274412,1,1,39.0,36.0,16.043307382405647,3499.42223,-11.965195599258038,3499.42223
3111.925265,lid_open,1786024398021235000,24.03595606457367,1,1,39.0,36.0,16.043307382405647,3502.420714,-11.965195599258038,3502.420714
3114.932167,lid_open,1786024401028137000,24.12813939678912,1,1,39.0,36.0,16.043307382405647,3505.427231,-11.965195599258038,3505.427231
3117.935677,lid_open,1786024404031647000,23.997574713747085,1,1,39.0,36.0,16.043307382405647,3508.430588,-12.054110970808209,3508.430588
3120.937294,lid_open,1786024407033264000,24.10838559029752,1,1,39.0,36.0,16.043307382405647,3511.434024,-12.054110970808209,3511.434024
3123.939824,lid_open,1786024410035794000,24.11888167846716,1,1,39.0,36.0,16.043307382405647,3514.441144,-12.054110970808209,3514.441144
3126.945622,lid_open,1786024413041592000,24.173766346927227,1,1,39.0,36.0,16.043307382405647,3517.441446,-12.054110970808209,3517.441446
3129.948708,lid_open,1786024416044678000,24.182993573749243,1,1,39.0,36.0,16.043307382405647,3520.445992,-12.054110970808209,3520.445992
3133.005403,lid_open,1786024419101373000,24.06347822036843,1,1,39.0,36.0,16.043307382405647,3523.451242,-12.054110970808209,3523.451242
3136.007711,lid_open,1786024422103681000,24.06863703809234,1,1,39.0,36.0,16.043307382405647,3526.455562,-12.054110970808209,3526.455562
3139.014256,lid_open,1786024425110226000,24.00846855685584,1,1,39.0,36.0,16.043307382405647,3529.460995,-12.17351849255083,3529.460995
3142.019487,lid_open,1786024428115457000,23.940421708407403,1,1,39.0,36.0,16.043307382405647,3532.464449,-12.248657707177795,3532.464449
3145.022538,lid_open,1786024431118508000,24.03480440074196,1,1,39.0,36.0,16.043307382405647,3535.467876,-12.260887367557087,3535.467876
3148.019613,lid_open,1786024434115583000,23.769678163070605,1,1,39.0,36.0,16.043307382405647,3538.465668,-12.260887367557087,3538.465668
3151.028102,lid_open,1786024437124072000,23.79265655502303,1,1,39.0,36.0,16.043307382405647,3541.46762,-12.260887367557087,3541.46762
3154.031569,lid_open,1786024440127539000,23.709581722763637,1,1,39.0,36.0,16.043307382405647,3544.471184,-12.260887367557087,3544.471184
3157.036533,lid_open,1786024443132503000,23.892993668859845,1,1,39.0,36.0,16.043307382405647,3547.478246,-12.260887367557087,3547.478246
3160.042514,lid_open,1786024446138484000,23.918060476713,1,1,39.0,36.0,16.043307382405647,3550.48107,-12.260887367557087,3550.48107
3163.047568,lid_open,1786024449143538000,23.938295173027033,1,1,39.0,36.0,16.043307382405647,3553.482877,-12.260887367557087,3553.482877
3166.050048,lid_open,1786024452146018000,23.945889029191793,1,1,39.0,36.0,16.043307382405647,3556.486041,-12.260887367557087,3556.486041
3169.053288,lid_open,1786024455149258000,23.82648150744917,1,1,39.0,36.0,16.043307382405647,3559.489677,-12.260887367557087,3559.489677
3172.054408,lid_open,1786024458150378000,23.751342292822205,1,1,39.0,36.0,16.043307382405647,3562.495939,-12.260887367557087,3562.495939
3175.054562,lid_open,1786024461150532000,23.685659726177754,1,1,39.0,36.0,16.043307382405647,3565.492861,-12.260887367557087,3565.492861
3178.057831,lid_open,1786024464153801000,23.69003083598517,1,1,39.0,36.0,16.043307382405647,3568.498665,-12.260887367557087,3568.498665
3181.059914,lid_open,1786024467155884000,23.567042304304294,1,1,39.0,36.0,16.043307382405647,3571.501453,-12.260887367557087,3571.501453
3184.059786,lid_open,1786024470155756000,23.56038578047511,1,1,39.0,36.0,16.043307382405647,3574.505664,-12.260887367557087,3574.505664
3187.069544,lid_open,1786024473165514000,23.421653072597415,1,1,39.0,36.0,16.043307382405647,3577.514525,-12.260887367557087,3577.514525
3190.070981,lid_open,1786024476166951000,23.52514713435287,1,1,39.0,36.0,16.043307382405647,3580.515819,-12.260887367557087,3580.515819
3193.076239,lid_open,1786024479172209000,23.51402775399256,1,1,39.0,36.0,16.043307382405647,3583.520326,-12.260887367557087,3583.520326
3196.079917,lid_open,1786024482175887000,23.497856974701666,1,1,39.0,36.0,16.043307382405647,3586.523076,-12.260887367557087,3586.523076
3199.076647,lid_open,1786024485172617000,23.319503535001537,1,1,39.0,36.0,16.043307382405647,3589.526127,-12.260887367557087,3589.526127
3202.08467,lid_open,1786024488180640000,23.415004784551055,1,1,39.0,36.0,16.043307382405647,3592.527755,-12.260887367557087,3592.527755
3205.08298,lid_open,1786024491178950000,23.431965524238652,1,1,39.0,36.0,16.043307382405647,3595.532212,-12.260887367557087,3595.532212
3208.085448,lid_open,1786024494181418000,23.330913976939332,1,1,39.0,36.0,16.043307382405647,3598.534767,-12.260887367557087,3598.534767
3211.091009,lid_open,1786024497186979000,23.34416536024703,1,1,39.0,36.0,16.043307382405647,3601.535778,-12.260887367557087,3601.535778
3214.098842,lid_open,1786024500194812000,23.40962992344693,1,1,39.0,36.0,16.043307382405647,3604.536014,-12.260887367557087,3604.536014
3217.101591,lid_open,1786024503197561000,23.26998351284034,1,1,39.0,36.0,16.043307382405647,3607.542907,-12.260887367557087,3607.542907
3220.10087,lid_open,1786024506196840000,23.387892014785308,1,1,39.0,36.0,16.043307382405647,3610.544418,-12.260887367557087,3610.544418
3223.10699,lid_open,1786024509202960000,23.40540375681894,1,1,39.0,36.0,16.043307382405647,3613.549855,-12.260887367557087,3613.549855
3226.105759,lid_open,1786024512201729000,23.507526839224532,1,1,39.0,36.0,16.043307382405647,3616.55777,-12.260887367557087,3616.55777
3229.114518,lid_open,1786024515210488000,23.56320279895643,1,1,39.0,36.0,16.10814226169129,3619.555469,-12.260887367557087,3619.555469
3232.118581,lid_open,1786024518214551000,23.436741397157444,1,1,39.0,36.0,16.10814226169129,3622.564667,-12.260887367557087,3622.564667
3235.120152,lid_open,1786024521216122000,23.38924409887652,1,1,39.0,36.0,16.10814226169129,3625.567093,-12.260887367557087,3625.567093
3238.122431,lid_open,1786024524218401000,23.403701522041963,1,1,39.0,36.0,16.10814226169129,3628.567671,-12.260887367557087,3628.567671
3241.127563,lid_open,1786024527223533000,23.38436448504461,1,1,39.0,36.0,16.10814226169129,3631.571413,-12.260887367557087,3631.571413
3244.129317,lid_open,1786024530225287000,23.340005265740057,1,1,39.0,36.0,16.10814226169129,3634.570743,-12.260887367557087,3634.570743
3247.132094,lid_open,1786024533228064000,23.21570566392953,1,1,39.0,36.0,16.10814226169129,3637.574507,-12.260887367557087,3637.574507
3250.135443,lid_open,1786024536231413000,23.247931261875497,1,1,39.0,36.0,16.10814226169129,3640.578691,-12.260887367557087,3640.578691
3253.14112,lid_open,1786024539237090000,23.133879684383857,1,1,39.0,36.0,16.10814226169129,3643.587159,-12.260887367557087,3643.587159
3256.14493,lid_open,1786024542240900000,23.082703792382652,1,1,39.0,36.0,16.10814226169129,3646.587442,-12.260887367557087,3646.587442
3259.151136,lid_open,1786024545247106000,23.14916739360442,1,1,39.0,36.0,16.10814226169129,3649.591411,-12.260887367557087,3649.591411
3262.155831,lid_open,1786024548251801000,23.03654848525744,1,1,39.0,36.0,16.10814226169129,3652.593944,-12.260887367557087,3652.593944
3265.154645,lid_open,1786024551250615000,23.20257242723345,1,1,39.0,36.0,16.10814226169129,3655.59846,-12.260887367557087,3655.59846
3268.159434,lid_open,1786024554255404000,23.17193591972558,1,1,39.0,36.0,16.10814226169129,3658.599663,-12.260887367557087,3658.599663
3271.161044,lid_open,1786024557257014000,23.327520456149745,1,1,39.0,36.0,16.10814226169129,3661.606935,-12.260887367557087,3661.606935
3274.165331,lid_open,1786024560261301000,23.423074312422735,1,1,39.0,36.0,16.10814226169129,3664.61172,-12.260887367557087,3664.61172
3277.16995,lid_open,1786024563265920000,23.27873265459656,1,1,39.0,36.0,16.10814226169129,3667.615744,-12.260887367557087,3667.615744
3280.175512,lid_open,1786024566271482000,23.237681243989964,1,1,39.0,36.0,16.10814226169129,3670.620585,-12.260887367557087,3670.620585
3283.176678,lid_open,1786024569272648000,23.13036632269661,1,1,39.0,36.0,16.10814226169129,3673.619781,-12.260887367557087,3673.619781
3286.178175,lid_open,1786024572274145000,23.18246710620934,1,1,39.0,36.0,16.10814226169129,3676.625756,-12.260887367557087,3676.625756
3289.184738,lid_open,1786024575280708000,23.166536770376663,1,1,39.0,36.0,16.10814226169129,3679.630801,-12.260887367557087,3679.630801
3292.184042,lid_open,1786024578280012000,23.208140351525344,1,1,39.0,36.0,16.10814226169129,3682.63419,-12.260887367557087,3682.63419
3295.186061,lid_open,1786024581282031000,23.22236847442321,1,1,39.0,36.0,16.10814226169129,3685.633823,-12.260887367557087,3685.633823
3298.189089,lid_open,1786024584285059000,23.2558900740527,1,1,39.0,36.0,16.10814226169129,3688.639823,-12.260887367557087,3688.639823
3301.19362,lid_open,1786024587289590000,23.364105029630068,1,1,39.0,36.0,16.10814226169129,3691.642376,-12.260887367557087,3691.642376
3304.198888,lid_open,1786024590294858000,23.28413959745281,1,1,39.0,36.0,16.10814226169129,3694.648784,-12.260887367557087,3694.648784
3307.203214,lid_open,1786024593299184000,23.30426392570767,1,1,39.0,36.0,16.10814226169129,3697.649384,-12.260887367557087,3697.649384
3310.205462,lid_open,1786024596301432000,23.100601523554584,1,1,39.0,36.0,16.10814226169129,3700.651101,-12.260887367557087,3700.651101
3313.208131,lid_open,1786024599304101000,23.11906054269197,1,1,39.0,36.0,16.10814226169129,3703.652654,-12.260887367557087,3703.652654
3316.207927,lid_open,1786024602303897000,22.956692617594353,1,1,39.0,36.0,16.10814226169129,3706.657508,-12.260887367557087,3706.657508
3319.208757,lid_open,1786024605304727000,23.01638245619008,1,1,39.0,36.0,16.10814226169129,3709.660003,-12.260887367557087,3709.660003
3322.211199,lid_open,1786024608307169000,23.057836948567957,1,1,39.0,36.0,16.10814226169129,3712.664592,-12.260887367557087,3712.664592
3325.217627,lid_open,1786024611313597000,23.1807768691482,1,1,39.0,36.0,16.10814226169129,3715.661769,-12.260887367557087,3715.661769
3328.222,lid_open,1786024614317970000,23.23935487775277,1,1,39.0,36.0,16.10814226169129,3718.671321,-12.260887367557087,3718.671321
3331.227241,lid_open,1786024617323211000,23.372931387665353,1,1,39.0,36.0,16.10814226169129,3721.672708,-12.260887367557087,3721.672708
3334.231305,lid_open,1786024620327275000,23.288190043876085,1,1,39.0,36.0,16.10814226169129,3724.674082,-12.260887367557087,3724.674082
3337.23136,lid_open,1786024623327330000,23.11633531774528,1,1,39.0,36.0,16.10814226169129,3727.673367,-12.278007498126929,3727.673367
3340.23568,lid_open,1786024626331650000,23.103493052600967,1,1,39.0,36.0,16.10814226169129,3730.677347,-12.284916105165165,3730.677347
3343.237927,lid_open,1786024629333897000,23.165083704911822,1,1,39.0,36.0,16.10814226169129,3733.684756,-12.31216612093984,3733.684756
3346.240862,lid_open,1786024632336832000,23.3611491879208,1,1,39.0,36.0,16.10814226169129,3736.687435,-12.31216612093984,3736.687435
3349.246863,lid_open,1786024635342833000,23.376189904216428,1,1,39.0,36.0,16.10814226169129,3739.688102,-12.31216612093984,3739.688102
3352.255103,lid_open,1786024638351073000,23.500002691558873,1,1,39.0,36.0,16.10814226169129,3742.690548,-12.31216612093984,3742.690548
3355.259534,lid_open,1786024641355504000,23.512070466075045,1,1,39.0,36.0,16.10814226169129,3745.695703,-12.31216612093984,3745.695703
3358.258638,lid_open,1786024644354608000,23.53481787380806,1,1,39.0,36.0,16.10814226169129,3748.700156,-12.31216612093984,3748.700156
3361.260032,lid_open,1786024647356002000,23.582975647247007,1,1,39.0,36.0,16.10814226169129,3751.702323,-12.31216612093984,3751.702323
3364.267031,lid_open,1786024650363001000,23.73911263244291,1,1,39.0,36.0,16.10814226169129,3754.708402,-12.312807744241375,3754.708402
3367.268078,lid_open,1786024653364048000,23.72199250187307,1,1,39.0,36.0,16.10814226169129,3757.713412,-12.395123595531828,3757.713412
3370.271885,lid_open,1786024656367855000,23.715083894834837,1,1,39.0,36.0,16.10814226169129,3760.718712,-12.395123595531828,3760.718712
3373.271814,lid_open,1786024659367784000,23.59690058389537,1,1,39.0,36.0,16.10814226169129,3763.717862,-12.395123595531828,3763.717862
3376.278823,lid_open,1786024662374793000,23.35908155659209,1,1,39.0,36.0,16.10814226169129,3766.71984,-12.395123595531828,3766.71984
3379.285013,lid_open,1786024665380983000,23.39248110757456,1,1,39.0,36.0,16.10814226169129,3769.720541,-12.395123595531828,3769.720541
3382.289248,lid_open,1786024668385218000,23.325508556135084,1,1,39.0,36.0,16.10814226169129,3772.724728,-12.395123595531828,3772.724728
3385.294163,lid_open,1786024671390133000,23.48455808953588,1,1,39.0,36.0,16.10814226169129,3775.723963,-12.395123595531828,3775.723963
3388.29404,lid_open,1786024674390010000,23.601309953356846,1,1,39.0,36.0,16.10814226169129,3778.728923,-12.395123595531828,3778.728923
3391.293192,lid_open,1786024677389162000,23.68783387906016,1,1,39.0,36.0,16.10814226169129,3781.728202,-12.395123595531828,3781.728202
3394.299777,lid_open,1786024680395747000,23.687192255758625,1,1,39.0,36.0,16.10814226169129,3784.735111,-12.395123595531828,3784.735111
3397.307079,lid_open,1786024683403049000,23.563332745386077,1,1,39.0,36.0,16.10814226169129,3787.734756,-12.395123595531828,3787.734756
3400.310969,lid_open,1786024686406939000,23.48859538002984,1,1,39.0,36.0,16.10814226169129,3790.739306,-12.395123595531828,3790.739306
3403.309847,lid_open,1786024689405817000,23.429849653504167,1,1,39.0,36.0,16.10814226169129,3793.743814,-12.336227281546268,3793.743814
3406.311627,lid_open,1786024692407597000,23.32428232541739,1,1,39.0,36.0,16.10814226169129,3796.744146,-12.336227281546268,3796.744146
3409.313969,lid_open,1786024695409939000,23.44164326744092,1,1,39.0,36.0,16.10814226169129,3799.745396,-12.336227281546268,3799.745396
3412.318681,lid_open,1786024698414651000,23.40053801602383,1,1,39.0,36.0,16.10814226169129,3802.753052,-12.336227281546268,3802.753052
3415.322971,lid_open,1786024701418941000,23.430272187002373,1,1,39.0,36.0,16.10814226169129,3805.75257,-12.336227281546268,3805.75257
3418.324586,lid_open,1786024704420556000,23.36888215273135,1,1,39.0,36.0,16.10814226169129,3808.754273,-12.264062930447404,3808.754273
3421.329922,lid_open,1786024707425892000,23.372918309054548,1,1,39.0,36.0,16.10814226169129,3811.761597,-12.264062930447404,3811.761597
3424.335461,lid_open,1786024710431431000,23.344762535424515,1,1,39.0,36.0,16.10814226169129,3814.766009,-12.264062930447404,3814.766009
3427.336924,lid_open,1786024713432894000,23.20684600932901,1,1,39.0,36.0,16.10814226169129,3817.767696,-12.264062930447404,3817.767696
3430.341486,lid_open,1786024716437456000,23.156212833885206,1,1,39.0,36.0,16.10814226169129,3820.768949,-12.264062930447404,3820.768949
3433.345614,lid_open,1786024719441584000,23.11946246716908,1,1,39.0,36.0,16.10814226169129,3823.773864,-12.264062930447404,3823.773864
3436.348446,lid_open,1786024722444416000,23.126978050002744,1,1,39.0,36.0,16.10814226169129,3826.781337,-12.264062930447404,3826.781337
3439.350215,lid_open,1786024725446185000,23.02238359196546,1,1,39.0,36.0,16.10814226169129,3829.782403,-12.264062930447404,3829.782403
3442.355837,lid_open,1786024728451807000,22.973226514949456,1,1,39.0,36.0,16.10814226169129,3832.782097,-12.264062930447404,3832.782097
3445.359896,lid_open,1786024731455866000,23.004911754301208,1,1,39.0,36.0,16.10814226169129,3835.783297,-12.264062930447404,3835.783297
3448.362736,lid_open,1786024734458706000,23.163664941616897,1,1,39.0,36.0,16.10814226169129,3838.783221,-12.264062930447404,3838.783221
3451.365694,lid_open,1786024737461664000,23.406912724660305,1,1,39.0,36.0,16.10814226169129,3841.789828,-12.264062930447404,3841.789828
3454.36911,lid_open,1786024740465080000,23.40469079381494,1,1,39.0,36.0,16.10814226169129,3844.79144,-12.264062930447404,3844.79144
3457.370857,lid_open,1786024743466827000,23.486116650649375,1,1,39.0,36.0,16.10814226169129,3847.796947,-12.264062930447404,3847.796947
3460.372927,lid_open,1786024746468897000,23.45150594404665,1,1,39.0,36.0,16.10814226169129,3850.798118,-12.264062930447404,3850.798118
3463.375496,lid_open,1786024749471466000,23.259157553988317,1,1,39.0,36.0,16.10814226169129,3853.799452,-12.264062930447404,3853.799452
3466.379951,lid_open,1786024752475921000,23.287884422729867,1,1,39.0,36.0,16.10814226169129,3856.806861,-12.264062930447404,3856.806861
3469.382942,lid_open,1786024755478912000,23.310213253023974,1,1,39.0,36.0,16.10814226169129,3859.805216,-12.264062930447404,3859.805216
3472.388896,lid_open,1786024758484866000,23.427605466940427,1,1,39.0,36.0,16.10814226169129,3862.808631,-12.264062930447404,3862.808631
3475.387927,lid_open,1786024761483897000,23.25084188068537,1,1,39.0,36.0,16.10814226169129,3865.812321,-12.264062930447404,3865.812321
3478.39054,lid_open,1786024764486510000,23.185365238437065,1,1,39.0,36.0,16.10814226169129,3868.822893,-12.264062930447404,3868.822893
3481.392754,lid_open,1786024767488724000,23.07868803644042,1,1,39.0,36.0,16.10814226169129,3871.827068,-12.227751203058748,3871.827068
3484.398845,lid_open,1786024770494815000,23.14703611022712,1,1,39.0,36.0,16.10814226169129,3874.827012,-12.227751203058748,3874.827012
3487.404031,lid_open,1786024773500001000,23.1464364274654,1,1,39.0,36.0,16.10814226169129,3877.83051,-12.22103058463669,3877.83051
3490.406107,lid_open,1786024776502077000,23.1638651369255,1,1,39.0,36.0,16.10814226169129,3880.838445,-12.22103058463669,3880.838445
3493.41037,lid_open,1786024779506340000,23.148906553330853,1,1,39.0,36.0,16.10814226169129,3883.838514,-12.22103058463669,3883.838514
3496.41658,lid_open,1786024782512550000,23.15046513286863,1,1,39.0,36.0,16.10814226169129,3886.843449,-12.22103058463669,3886.843449
3499.42223,lid_open,1786024785518200000,23.09163141036088,1,1,39.0,36.0,16.10814226169129,3889.846779,-12.220967109115868,3889.846779
3502.420714,lid_open,1786024788516684000,23.203755075853028,1,1,39.0,36.0,16.10814226169129,3892.859405,-12.220967109115868,3892.859405
3505.427231,lid_open,1786024791523201000,23.109055822526244,1,1,39.0,36.0,16.10814226169129,3895.860242,-12.220967109115868,3895.860242
3508.430588,lid_open,1786024794526558000,23.292662851917257,1,1,39.0,36.0,16.10814226169129,3898.863311,-12.220967109115868,3898.863311
3511.434024,lid_open,1786024797529994000,23.242474497448804,1,1,39.0,36.0,16.10814226169129,3901.867195,-12.220967109115868,3901.867195
3514.441144,lid_open,1786024800537114000,23.272924500368052,1,1,39.0,36.0,16.10814226169129,3904.867998,-12.16164172078404,3904.867998
3517.441446,lid_open,1786024803537416000,23.197358332623555,1,1,39.0,36.0,16.10814226169129,3907.871752,-12.16164172078404,3907.871752
3520.445992,lid_open,1786024806541962000,23.342928209271765,1,1,39.0,36.0,16.10814226169129,3910.880823,-12.16164172078404,3910.880823
3523.451242,lid_open,1786024809547212000,23.338879513574337,1,1,39.0,36.0,16.10814226169129,3913.885561,-12.16164172078404,3913.885561
3526.455562,lid_open,1786024812551532000,23.289074913425655,1,1,39.0,36.0,16.10814226169129,3916.888846,-12.16164172078404,3916.888846
3529.460995,lid_open,1786024815556965000,23.479286255453214,1,1,39.0,36.0,16.10814226169129,3919.891531,-12.16164172078404,3919.891531
3532.464449,lid_open,1786024818560419000,23.54630029129359,1,1,39.0,36.0,16.10814226169129,3922.895279,-12.16164172078404,3922.895279
3535.467876,lid_open,1786024821563846000,23.604876404468172,1,1,39.0,36.0,16.10814226169129,3925.896991,-12.16164172078404,3925.896991
3538.465668,lid_open,1786024824561638000,23.56113357511214,1,1,39.0,36.0,16.10814226169129,3928.903361,-12.16164172078404,3928.903361
3541.46762,lid_open,1786024827563590000,23.504389155614252,1,1,39.0,36.0,16.10814226169129,3931.90669,-12.16164172078404,3931.90669
3544.471184,lid_open,1786024830567154000,23.38058532268104,1,1,39.0,36.0,16.10814226169129,3934.902042,-12.16164172078404,3934.902042
3547.478246,lid_open,1786024833574216000,23.34804893737328,1,1,39.0,36.0,16.10814226169129,3937.913489,-12.16164172078404,3937.913489
3550.48107,lid_open,1786024836577040000,23.23526054463086,1,1,39.0,36.0,16.10814226169129,3940.913157,-12.16164172078404,3940.913157
3553.482877,lid_open,1786024839578847000,23.20351522218624,1,1,39.0,36.0,16.10814226169129,3943.91524,-12.16164172078404,3943.91524
3556.486041,lid_open,1786024842582011000,23.09657112131075,1,1,39.0,36.0,16.10814226169129,3946.917296,-12.16164172078404,3946.917296
3559.489677,lid_open,1786024845585647000,23.208732946629155,1,1,39.0,36.0,16.07443428671884,3949.924775,-12.16164172078404,3949.924775
3562.495939,lid_open,1786024848591909000,23.328619870946504,1,1,39.0,36.0,16.07443428671884,3952.928953,-12.16164172078404,3952.928953
3565.492861,lid_open,1786024851588831000,23.250420576295333,1,1,39.0,36.0,16.07443428671884,3955.932737,-12.16164172078404,3955.932737
3568.498665,lid_open,1786024854594635000,23.360589543159865,1,1,39.0,36.0,16.07443428671884,3958.93346,-12.16164172078404,3958.93346
3571.501453,lid_open,1786024857597423000,23.35726234969319,1,1,39.0,36.0,16.07443428671884,3961.937291,-12.16164172078404,3961.937291
3574.505664,lid_open,1786024860601634000,23.123343960807148,1,1,39.0,36.0,16.07443428671884,3964.946071,-12.16164172078404,3964.946071
3577.514525,lid_open,1786024863610495000,23.03317703836267,1,1,39.0,36.0,16.07443428671884,3967.944775,-12.16164172078404,3967.944775
3580.515819,lid_open,1786024866611789000,23.067702656780213,1,1,39.0,36.0,16.07443428671884,3970.944781,-12.16164172078404,3970.944781
3583.520326,lid_open,1786024869616296000,22.989019756615978,1,1,39.0,36.0,16.07443428671884,3973.9476,-12.16164172078404,3973.9476
3586.523076,lid_open,1786024872619046000,22.89185773830871,1,1,39.0,36.0,16.07443428671884,3976.951757,-12.16164172078404,3976.951757
3589.526127,lid_open,1786024875622097000,23.00496847534549,1,1,39.0,36.0,16.07443428671884,3979.957988,-12.16164172078404,3979.957988
3592.527755,lid_open,1786024878623725000,23.045136860990542,1,1,39.0,36.0,16.07443428671884,3982.962677,-12.16164172078404,3982.962677
3595.532212,lid_open,1786024881628182000,23.28743221051052,1,1,39.0,36.0,16.07443428671884,3985.96227,-12.16164172078404,3985.96227
3598.534767,lid_open,1786024884630737000,23.175467630842167,1,1,39.0,36.0,16.07443428671884,3988.966244,-12.16164172078404,3988.966244
3601.535778,lid_open,1786024887631748000,23.045425387005224,1,1,39.0,36.0,16.07443428671884,3991.964551,-12.16164172078404,3991.964551
3604.536014,lid_open,1786024890631984000,22.98478762020321,1,1,39.0,36.0,16.07443428671884,3994.972281,-12.16164172078404,3994.972281
3607.542907,lid_open,1786024893638877000,22.963221679490932,1,1,39.0,36.0,16.15236742464985,3997.971092,-12.16164172078404,3997.971092
3610.544418,lid_open,1786024896640388000,22.92556571328116,1,1,39.0,36.0,16.193992297048077,4000.977171,-12.16164172078404,4000.977171
3613.549855,lid_open,1786024899645825000,23.10746916491699,1,1,39.0,36.0,16.193992297048077,4003.978838,-12.16164172078404,4003.978838
3616.55777,lid_open,1786024902653740000,23.156827044323656,1,1,39.0,36.0,16.27824939452912,4006.979847,-12.16164172078404,4006.979847
3619.555469,lid_open,1786024905651439000,23.1124002201076,1,1,39.0,36.0,16.27824939452912,4009.988978,-12.16164172078404,4009.988978
3622.564667,lid_open,1786024908660637000,23.10427548636542,1,1,39.0,36.0,16.27824939452912,4012.992,-12.16164172078404,4012.992
3625.567093,lid_open,1786024911663063000,23.18219046114267,1,1,39.0,36.0,,,,
3628.567671,lid_open,1786024914663641000,23.25544756783218,1,1,39.0,36.0,,,,
3631.571413,lid_open,1786024917667383000,23.264725083724517,1,1,39.0,36.0,,,,
3634.570743,lid_open,1786024920666713000,23.108050988631177,1,1,39.0,36.0,,,,
3637.574507,lid_open,1786024923670477000,23.103958255524635,1,1,39.0,36.0,,,,
3640.578691,lid_open,1786024926674661000,23.182006369559367,1,1,39.0,36.0,,,,
3643.587159,lid_open,1786024929683129000,23.12634693700123,1,1,39.0,36.0,,,,
3646.587442,lid_open,1786024932683412000,23.188971270148205,1,1,39.0,36.0,,,,
3649.591411,lid_open,1786024935687381000,23.06681275968481,1,1,39.0,36.0,,,,
3652.593944,lid_open,1786024938689914000,23.16450561219725,1,1,39.0,36.0,,,,
3655.59846,lid_open,1786024941694430000,23.1793312764544,1,1,39.0,36.0,,,,
3658.599663,lid_open,1786024944695633000,23.224346384264543,1,1,39.0,36.0,,,,
3661.606935,lid_open,1786024947702905000,23.3173088658344,1,1,39.0,36.0,,,,
3664.61172,lid_open,1786024950707690000,23.434662816168466,1,1,39.0,36.0,,,,
3667.615744,lid_open,1786024953711714000,23.330603611475215,1,1,39.0,36.0,,,,
3670.620585,lid_open,1786024956716555000,23.260323012938283,1,1,39.0,36.0,,,,
3673.619781,lid_open,1786024959715751000,23.454611598208697,1,1,39.0,36.0,,,,
3676.625756,lid_open,1786024962721726000,23.4855504401073,1,1,39.0,36.0,,,,
3679.630801,lid_open,1786024965726771000,23.328730008921557,1,1,39.0,36.0,,,,
3682.63419,lid_open,1786024968730160000,23.275982188191666,1,1,39.0,36.0,,,,
3685.633823,lid_open,1786024971729793000,23.2171498033708,1,1,39.0,36.0,,,,
3688.639823,lid_open,1786024974735793000,23.437640887383903,1,1,39.0,36.0,,,,
3691.642376,lid_open,1786024977738346000,23.295279242152382,1,1,39.0,36.0,,,,
3694.648784,lid_open,1786024980744754000,23.3762257595587,1,1,39.0,36.0,,,,
3697.649384,lid_open,1786024983745354000,23.350334366653342,1,1,39.0,36.0,,,,
3700.651101,lid_open,1786024986747071000,23.42695842512351,1,1,39.0,36.0,,,,
3703.652654,lid_open,1786024989748624000,23.462196364220052,1,1,39.0,36.0,,,,
3706.657508,lid_open,1786024992753478000,23.365936982554853,1,1,39.0,36.0,,,,
3709.660003,lid_open,1786024995755973000,23.309323529237716,1,1,39.0,36.0,,,,
3712.664592,lid_open,1786024998760562000,23.121855489014973,1,1,39.0,36.0,,,,
3715.661769,lid_open,1786025001757739000,23.224706846771017,1,1,39.0,36.0,,,,
3718.671321,lid_open,1786025004767291000,23.227727591665225,1,1,39.0,36.0,,,,
3721.672708,lid_open,1786025007768678000,23.32471764163404,1,1,39.0,36.0,,,,
3724.674082,lid_open,1786025010770052000,23.278271248848384,1,1,39.0,36.0,,,,
3727.673367,lid_open,1786025013769337000,23.412470325967135,1,1,39.0,36.0,,,,
3730.677347,lid_open,1786025016773317000,23.334828804643983,1,1,39.0,36.0,,,,
3733.684756,lid_open,1786025019780726000,23.29319835167149,1,1,39.0,36.0,,,,
3736.687435,lid_open,1786025022783405000,23.348449439905167,1,1,39.0,36.0,,,,
3739.688102,lid_open,1786025025784072000,23.35352660285042,1,1,39.0,36.0,,,,
3742.690548,lid_open,1786025028786518000,23.30894606338027,1,1,39.0,36.0,,,,
3745.695703,lid_open,1786025031791673000,23.39292577455767,1,1,39.0,36.0,,,,
3748.700156,lid_open,1786025034796126000,23.45161383817604,1,1,39.0,36.0,,,,
3751.702323,lid_open,1786025037798293000,23.501409579592934,1,1,39.0,36.0,,,,
3754.708402,lid_open,1786025040804372000,23.57036731950949,1,1,39.0,36.0,,,,
3757.713412,lid_open,1786025043809382000,23.574594790965076,1,1,39.0,36.0,,,,
3760.718712,lid_open,1786025046814682000,23.663772718453732,1,1,39.0,36.0,,,,
3763.717862,lid_open,1786025049813832000,23.560612588024807,1,1,39.0,36.0,,,,
3766.71984,lid_open,1786025052815810000,23.430123869112055,1,1,39.0,36.0,,,,
3769.720541,lid_open,1786025055816511000,23.488647563506,1,1,39.0,36.0,,,,
3772.724728,lid_open,1786025058820698000,23.58062366114049,1,1,39.0,36.0,,,,
3775.723963,lid_open,1786025061819933000,23.735937069552595,1,1,39.0,36.0,,,,
3778.728923,lid_open,1786025064824893000,23.693660920443655,1,1,39.0,36.0,,,,
3781.728202,lid_open,1786025067824172000,23.649332015974128,1,1,39.0,36.0,,,,
3784.735111,lid_open,1786025070831081000,23.49227523956316,1,1,39.0,36.0,,,,
3787.734756,lid_open,1786025073830726000,23.53247629240769,1,1,39.0,36.0,,,,
3790.739306,lid_open,1786025076835276000,23.476461506184943,1,1,39.0,36.0,,,,
3793.743814,lid_open,1786025079839784000,23.53339684601696,1,1,39.0,36.0,,,,
3796.744146,lid_open,1786025082840116000,23.450130853847753,1,1,39.0,36.0,,,,
3799.745396,lid_open,1786025085841366000,23.534078504737337,1,1,39.0,36.0,,,,
3802.753052,lid_open,1786025088849022000,23.53879093394644,1,1,39.0,36.0,,,,
3805.75257,lid_open,1786025091848540000,23.469069832984253,1,1,39.0,36.0,,,,
3808.754273,lid_open,1786025094850243000,23.340950438653017,1,1,39.0,36.0,,,,
3811.761597,lid_open,1786025097857567000,23.45755263855798,1,1,39.0,36.0,,,,
3814.766009,lid_open,1786025100861979000,23.281644296418335,1,1,39.0,36.0,,,,
3817.767696,lid_open,1786025103863666000,23.369646250083058,1,1,39.0,36.0,,,,
3820.768949,lid_open,1786025106864919000,23.48976997078801,1,1,39.0,36.0,,,,
3823.773864,lid_open,1786025109869834000,23.560772215326367,1,1,39.0,36.0,,,,
3826.781337,lid_open,1786025112877307000,23.403096030146877,1,1,39.0,36.0,,,,
3829.782403,lid_open,1786025115878373000,23.58593648277138,1,1,39.0,36.0,,,,
3832.782097,lid_open,1786025118878067000,23.5673110974826,1,1,39.0,36.0,,,,
3835.783297,lid_open,1786025121879267000,23.60250606354047,1,1,39.0,36.0,,,,
3838.783221,lid_open,1786025124879191000,23.772248796941252,1,1,39.0,36.0,,,,
3841.789828,lid_open,1786025127885798000,23.703102006031607,1,1,39.0,36.0,,,,
3844.79144,lid_open,1786025130887410000,23.77896941536331,1,1,39.0,36.0,,,,
3847.796947,lid_open,1786025133892917000,23.711640683307262,1,1,39.0,36.0,,,,
3850.798118,lid_open,1786025136894088000,23.627835946000474,1,1,39.0,36.0,,,,
3853.799452,lid_open,1786025139895422000,23.696891346435752,1,1,39.0,36.0,,,,
3856.806861,lid_open,1786025142902831000,23.77903289088413,1,1,39.0,36.0,,,,
3859.805216,lid_open,1786025145901186000,23.635596032123924,1,1,39.0,36.0,,,,
3862.808631,lid_open,1786025148904601000,23.501772365462735,1,1,39.0,36.0,,,,
3865.812321,lid_open,1786025151908291000,23.570098992020252,1,1,39.0,36.0,,,,
3868.822893,lid_open,1786025154918863000,23.69096113701655,1,1,39.0,36.0,,,,
3871.827068,lid_open,1786025157923038000,23.83835827921596,1,1,39.0,36.0,,,,
3874.827012,lid_open,1786025160922982000,23.731123268125156,1,1,39.0,36.0,,,,
3877.83051,lid_open,1786025163926480000,23.634503400205517,1,1,39.0,36.0,,,,
3880.838445,lid_open,1786025166934415000,23.6232379236234,1,1,39.0,36.0,,,,
3883.838514,lid_open,1786025169934484000,23.667232491835595,1,1,39.0,36.0,,,,
3886.843449,lid_open,1786025172939419000,23.663398738039422,1,1,39.0,36.0,,,,
3889.846779,lid_open,1786025175942749000,23.73803327587332,1,1,39.0,36.0,,,,
3892.859405,lid_open,1786025178955375000,23.79176950501863,1,1,39.0,36.0,,,,
3895.860242,lid_open,1786025181956212000,23.660563430858733,1,1,39.0,36.0,,,,
3898.863311,lid_open,1786025184959281000,23.635907126610515,1,1,39.0,36.0,,,,
3901.867195,lid_open,1786025187963165000,23.637397157956304,1,1,39.0,36.0,,,,
3904.867998,lid_open,1786025190963968000,23.644532300295246,1,1,39.0,36.0,,,,
3907.871752,lid_open,1786025193967722000,23.56377721971137,1,1,39.0,36.0,,,,
3910.880823,lid_open,1786025196976793000,23.589031340960023,1,1,39.0,36.0,,,,
3913.885561,lid_open,1786025199981531000,23.596515141208684,1,1,39.0,36.0,,,,
3916.888846,lid_open,1786025202984816000,23.576161783622137,1,1,39.0,36.0,,,,
3919.891531,lid_open,1786025205987501000,23.368664487365283,1,1,39.0,36.0,,,,
3922.895279,lid_open,1786025208991249000,23.343856242112423,1,1,39.0,36.0,,,,
3925.896991,lid_open,1786025211992961000,23.38767795046728,1,1,39.0,36.0,,,,
3928.903361,lid_open,1786025214999331000,23.409640158590335,1,1,39.0,36.0,,,,
3931.90669,lid_open,1786025218002660000,23.282185353256235,1,1,39.0,36.0,,,,
3934.902042,lid_open,1786025220998012000,23.387579978940288,1,1,39.0,36.0,,,,
3937.913489,lid_open,1786025224009459000,23.422330620225424,1,1,39.0,36.0,,,,
3940.913157,lid_open,1786025227009127000,23.414132315258776,1,1,39.0,36.0,,,,
3943.91524,lid_open,1786025230011210000,23.37837718757799,1,1,39.0,36.0,,,,
3946.917296,lid_open,1786025233013266000,23.17514372528749,1,1,39.0,36.0,,,,
3949.924775,lid_open,1786025236020745000,23.095914468326455,1,1,39.0,36.0,,,,
3952.928953,lid_open,1786025239024923000,23.059416569435253,1,1,39.0,36.0,,,,
3955.932737,lid_open,1786025242028707000,23.135052710417256,1,1,39.0,36.0,,,,
3958.93346,lid_open,1786025245029430000,23.04506417717822,1,1,39.0,36.0,,,,
3961.937291,lid_open,1786025248033261000,22.954417576639017,1,1,39.0,36.0,,,,
3964.946071,lid_open,1786025251042041000,22.84763257535015,1,1,39.0,36.0,,,,
3967.944775,lid_open,1786025254040745000,22.806007702951923,1,1,39.0,36.0,,,,
3970.944781,lid_open,1786025257040751000,22.939415137151148,1,1,39.0,36.0,,,,
3973.9476,lid_open,1786025260043570000,22.72175060547088,1,1,39.0,36.0,,,,
3976.951757,lid_open,1786025263047727000,22.80408020163922,1,1,39.0,36.0,,,,
3979.957988,lid_open,1786025266053958000,23.02237638946472,1,1,39.0,36.0,,,,
3982.962677,lid_open,1786025269058647000,22.977559675866377,1,1,39.0,36.0,,,,
3985.96227,lid_open,1786025272058240000,23.12308137963165,1,1,39.0,36.0,,,,
3988.966244,lid_open,1786025275062214000,23.133036445996453,1,1,39.0,36.0,,,,
3991.964551,lid_open,1786025278060521000,23.106867660051105,1,1,39.0,36.0,,,,
3994.972281,lid_open,1786025281068251000,23.07891394717864,1,1,39.0,36.0,,,,
3997.971092,lid_open,1786025284067062000,22.963163307343944,1,1,39.0,36.0,,,,
4000.977171,lid_open,1786025287073141000,22.94935995003876,1,1,39.0,36.0,,,,
4003.978838,lid_open,1786025290074808000,23.017004768919037,1,1,39.0,36.0,,,,
4006.979847,lid_open,1786025293075817000,23.082089586004468,1,1,39.0,36.0,,,,
4009.988978,lid_open,1786025296084948000,23.08130480940971,1,1,39.0,36.0,,,,
4012.992,lid_open,1786025299087970000,23.05788906299629,1,1,39.0,36.0,,,,
